ABARTH,695
ABARTH,695
ABARTH,695
ABARTH,695
ABARTH,695
ABARTH,595
ABARTH,595
ABARTH,124
ALFA ROMEO,147
ALFA ROMEO,159
ALFA ROMEO,156
ALFA ROMEO,BRERA
ALFA ROMEO,MITO
ALFA ROMEO,159
ALFA ROMEO,8C SPIDER
ALFA ROMEO,GIULIETTA
ALFA ROMEO,GIULIETTA
ALFA ROMEO,156
ALFA ROMEO,147
ALFA ROMEO,4C
ALFA ROMEO,GIULIA
ALFA ROMEO,STELVIO
ALFA ROMEO,STELVIO
ALFA ROMEO,SPIDER
ALFA ROMEO,147
ALFA ROMEO,159
ALFA ROMEO,GIULIETTA
ALFA ROMEO,GIULIETTA
ALFA ROMEO,MITO
ALFA ROMEO,GIULIETTA
ALFA ROMEO,GIULIA
ALFA ROMEO,GIULIA
ALFA ROMEO,159
ALFA ROMEO,STELVIO
ALFA ROMEO,166
ALFA ROMEO,SPIDER
ALFA ROMEO,GTV
ALFA ROMEO,4C
ALFA ROMEO,GIULIA
ALFA ROMEO,STELVIO
ALFA ROMEO,GIULIA
ALFA ROMEO,MITO
ALFA ROMEO,8C COMPETIZIONE COUPE
ALFA ROMEO,GIULIETTA
ALFA ROMEO,GIULIETTA
ALFA ROMEO,4C
ALFA ROMEO,GT
ALFA ROMEO,STELVIO
ALFA ROMEO,GIULIA
ALFA ROMEO,4C
ALFA ROMEO,GIULIETTA
ALFA ROMEO,GIULIETTA
ASTON MARTIN,VIRAGE
ASTON MARTIN,DBX
ASTON MARTIN,VANTAGE
ASTON MARTIN,VANQUISH
ASTON MARTIN,VANTAGE
ASTON MARTIN,V12 VANTAGE
ASTON MARTIN,VANQUISH
ASTON MARTIN,RAPIDE
ASTON MARTIN,VIRAGE
ASTON MARTIN,VANTAGE
ASTON MARTIN,DB11
ASTON MARTIN,VANTAGE
ASTON MARTIN,DB7
ASTON MARTIN,ONE-77 
ASTON MARTIN,VANTAGE
ASTON MARTIN,DBX707
ASTON MARTIN,RAPIDE
ASTON MARTIN,V12 VANTAGE
ASTON MARTIN,VANQUISH
ASTON MARTIN,DBS
ASTON MARTIN,DB7
ASTON MARTIN,DB9
ASTON MARTIN,DB9
ASTON MARTIN,DBS
ASTON MARTIN,RAPIDE S
ASTON MARTIN,V12 VANTAGE
ASTON MARTIN,VANTAGE
ASTON MARTIN,LAGONDA
ASTON MARTIN,DBS
AUDI,S6
AUDI,A7
AUDI,A4
AUDI,Q7
AUDI,Q8
AUDI,A8
AUDI,TT
AUDI,Q5
AUDI,Q2
AUDI,Q7
AUDI,A7
AUDI,Q8 E-TRON
AUDI,SQ7
AUDI,A3
AUDI,A4
AUDI,A6
AUDI,A3
AUDI,S4
AUDI,RS6
AUDI,S7
AUDI,Q5
AUDI,RS5
AUDI,R8
AUDI,A1
AUDI,Q3
AUDI,RS7
AUDI,A5
AUDI,A6
AUDI,A5
AUDI,Q5
AUDI,A7
AUDI,Q3
AUDI,E-TRON
AUDI,Q7
AUDI,A3
AUDI,A5
AUDI,Q3
AUDI,A4
AUDI,R8
AUDI,CABRIOLET
AUDI,A6
AUDI,A8
AUDI,R8
AUDI,A1
AUDI,S7
AUDI,A3
AUDI,A3
AUDI,Q3
AUDI,A6
AUDI,A6
AUDI,Q7
AUDI,Q5
AUDI,A6
AUDI,Q5
AUDI,R8 SPYDER
AUDI,A7
AUDI,A8
AUDI,RS3
AUDI,S4
AUDI,A3
AUDI,Q8
AUDI,Q5
AUDI,A6
AUDI,TT
AUDI,TT
AUDI,A5
AUDI,TT
AUDI,S6
AUDI,A3
AUDI,TT
AUDI,A4
AUDI,A3
AUDI,RSQ3
AUDI,E-TRON
AUDI,A8
AUDI,A8
AUDI,A5
AUDI,A5
AUDI,A5
AUDI,A6
AUDI,Q8
AUDI,Q7
AUDI,A7
AUDI,A8
AUDI,R8
AUDI,SQ5
AUDI,A4
AUDI,A8
AUDI,S8
AUDI,A6
AUDI,S6
AUDI,A1
AUDI,A1
AUDI,RS6
AUDI,A6
AUDI,A6
AUDI,A5
AUDI,S3
AUDI,Q8
AUDI,TTS
AUDI,A4
AUDI,A6
AUDI,A1
AUDI,A8
AUDI,R8 SPYDER
AUDI,A4
AUDI,RSQ8
AUDI,E-TRON
AUDI,A4
AUDI,A6
AUDI,A6
AUDI,A8
AUDI,A5
AUDI,S3
AUDI,A4
AUDI,Q7
AUDI,A6
AUDI,A4
AUDI,S3
AUDI,S8
AUDI,SQ8
AUDI,Q5
AUDI,Q8
AUDI,S7
AUDI,TT
AUDI,Q7
AUDI,A5
AUDI,Q5
AUDI,A7
AUDI,A3
AUDI,A3
AUDI,A4
AUDI,A3
AUDI,A6
AUDI,Q7
AUDI,Q7
AUDI,A1
AUDI,A7
AUDI,A8
AUDI,RS4
AUDI,Q3
AUDI,A4
AUDI,A3
AUDI,A5
AUDI,A4
AUDI,A6
AUDI,Q8 E-TRON
AUDI,A6
AUDI,Q7
AUDI,S5
AUDI,RS4
AUDI,R8
AUDI,S8
AUDI,TT
AUDI,A3
AUDI,Q7
AUDI,Q3
AUDI,Q3
AUDI,SQ5
AUDI,A7
AUDI,RS7
AUDI,Q2
AUDI,S5
AUDI,Q8
AUDI,R8
BAIC,A115
BAIC,A115
BAIC,BJJ40 PLUS
BAIC,X7
BAIC,D50
BAIC,X35
BAIC,X55
BAIC,BJ40 C
BAIC,A520T
BAIC,BJJ40 PLUS
BAIC,BJJ40 PLUS
BAIC,X35
BAIC,BJ80
BENTLEY,CONTINENTAL
BENTLEY,CONTINENTAL
BENTLEY,BROOKLANDS
BENTLEY,FLYING SPUR
BENTLEY,MULSANNE
BENTLEY,BENTAYGA
BENTLEY,ARNAGE
BENTLEY,CONTINENTAL
BENTLEY,CONTINENTAL
BENTLEY,BENTAYGA
BENTLEY,CONTINENTAL
BENTLEY,TURBO R
BENTLEY,CONTINENTAL
BENTLEY,CONTINENTAL
BENTLEY,CONTINENTAL
BENTLEY,MULSANNE
BENTLEY,CONTINENTAL
BENTLEY,ARNAGE
BENTLEY,CONTINENTAL
BENTLEY,CONTINENTAL
BENTLEY,AZURE
BENTLEY,FLYING SPUR
BENTLEY,CONTINENTAL
BENTLEY,CONTINENTAL
BENTLEY,BENTAYGA
BENTLEY,BENTAYGA
BENTLEY,MULSANNE
BENTLEY,CONTINENTAL
BENTLEY,MULSANNE
BENTLEY,BENTAYGA
BENTLEY,BENTAYGA
BENTLEY,BENTAYGA
BENTLEY,BENTAYGA
BESTUNE,T77
BESTUNE,X40
BESTUNE,T77
BESTUNE,T99
BESTUNE,T99
BESTUNE,T33
BESTUNE,T33
BESTUNE,B70
BESTUNE,T99
BESTUNE,B70
BESTUNE,B70
BESTUNE,T77
BMW,ALPINA
BMW,728
BMW,116i
BMW,X5
BMW,X5
BMW,Z4
BMW,X6
BMW,125i
BMW,135i
BMW,550i
BMW,750i
BMW,523i
BMW,X5
BMW,550i
BMW,5 Series GT
BMW,X3
BMW,328i
BMW,X6 M
BMW,640i GRAN COUPE
BMW,428i
BMW,335i
BMW,740Li
BMW,750Li
BMW,740Li
BMW,328i
BMW,X1
BMW,M6 Gran Coupe
BMW,435i
BMW,120i
BMW,X1
BMW,420i
BMW,M8
BMW,M340i
BMW,M440i
BMW,M235i GRAN COUPE
BMW,X5
BMW,X5
BMW,528i
BMW,650i GRAN COUPE
BMW,435i
BMW,435I GRAN COUPE
BMW,520i
BMW,730Li
BMW,X5
BMW,X6
BMW,520i
BMW,X7
BMW,iX
BMW,220i
BMW,3 Series GT
BMW,330i
BMW,M5
BMW,650i GRAN COUPE
BMW,X6
BMW,X2
BMW,M850i
BMW,I3 s
BMW,I3 s
BMW,330i
BMW,X3
BMW,X4
BMW,M550i
BMW,320i
BMW,750Li
BMW,230i
BMW,330e
BMW,X4
BMW,X5
BMW,235i
BMW,760i
BMW,X2
BMW,528i
BMW,X7
BMW,840i
BMW,728iL
BMW,iX3
BMW,X5
BMW,320i
BMW,525i
BMW,540i
BMW,330Ci
BMW,M5
BMW,520i
BMW,645Ci
BMW,325Xi
BMW,X6
BMW,5 Series GT
BMW,330Xi
BMW,X1
BMW,X5
BMW,X6
BMW,135i
BMW,640i GRAN COUPE
BMW,650i GRAN COUPE
BMW,530Li
BMW,740Li
BMW,335i
BMW,750Li
BMW,X5
BMW,M5
BMW,X6
BMW,528i
BMW,M6 Gran Coupe
BMW,435i
BMW,760Li
BMW,320i
BMW,M760Li
BMW,X7
BMW,730Li
BMW,X3
BMW,X1
BMW,420i
BMW,420i
BMW,420i
BMW,420I GRAN COUPE
BMW,730Li
BMW,730Li
BMW,X4
BMW,740Li
BMW,Z4
BMW,X5
BMW,340i
BMW,M850i
BMW,730Li
BMW,640i GRAN COUPE
BMW,M440i GRAN COUPE
BMW,X3
BMW,740Li
BMW,330i
BMW,X5
BMW,X4
BMW,X2
BMW,318i
BMW,X4
BMW,740Le
BMW,6 Series GT
BMW,X3
BMW,X6
BMW,735i
BMW,XM
BMW,635 Csi
BMW,M3
BMW,745Li
BMW,Z3M
BMW,X4
BMW,530i
BMW,760Li
BMW,650i
BMW,528i
BMW,X6 M
BMW,5 Series GT
BMW,323i
BMW,750Li
BMW,X1
BMW,316i
BMW,325Ci
BMW,325i
BMW,335i
BMW,750Li
BMW,750Li
BMW,535i
BMW,X3
BMW,X5
BMW,X5
BMW,X5
BMW,528i
BMW,5 Series GT
BMW,740Li
BMW,528i
BMW,650i GRAN COUPE
BMW,X2
BMW,X6
BMW,X6
BMW,528i
BMW,X4
BMW,530i
BMW,730Li
BMW,M5
BMW,X5
BMW,M4
BMW,X5
BMW,520i
BMW,X5
BMW,X5
BMW,I8
BMW,X7
BMW,M760Li
BMW,X1
BMW,X6
BMW,X7
BMW,6 Series GT
BMW,528i
BMW,320i
BMW,420I GRAN COUPE
BMW,740i
BMW,328i
BMW,M760Li
BMW,iX
BMW,i4 GRAN COUPE
BMW,320Ci
BMW,840Ci
BMW,ALPINA
BMW,130i
BMW,740Li
BMW,Z4
BMW,ALPINA
BMW,X6
BMW,316i
BMW,550i
BMW,640i
BMW,750Li
BMW,X5
BMW,320i
BMW,520i
BMW,535i
BMW,X5
BMW,760Li
BMW,528i
BMW,M3
BMW,650i GRAN COUPE
BMW,420I GRAN COUPE
BMW,430I
BMW,430I
BMW,730Li
BMW,X6
BMW,328i
BMW,5 Series GT
BMW,428i
BMW,3 Series GT
BMW,435I GRAN COUPE
BMW,435I GRAN COUPE
BMW,330i
BMW,530i
BMW,Z4
BMW,I8
BMW,X4
BMW,X2
BMW,330i
BMW,540i
BMW,X3
BMW,X5
BMW,X6
BMW,420I GRAN COUPE
BMW,320i
BMW,520i
BMW,750Li
BMW,ALPINA
BMW,318i
BMW,428i
BMW,X7
BMW,i7
BMW,530i
BMW,M440i GRAN COUPE
BMW,M340i
BMW,M850i GRAN COUPE
BMW,M8 GRAN COUPE
BMW,M850i GRAN COUPE
BMW,Z4
BMW,735Li
BMW,320Ci
BMW,120i
BMW,118i
BMW,740Li
BMW,Z4
BMW,X6
BMW,X6
BMW,Z4M
BMW,M6
BMW,1M
BMW,750Li
BMW,X5
BMW,Z4
BMW,M5
BMW,640i GRAN COUPE
BMW,650i GRAN COUPE
BMW,650i GRAN COUPE
BMW,730Li
BMW,X5
BMW,X5
BMW,X5
BMW,328i
BMW,550i
BMW,330i
BMW,X3
BMW,650i GRAN COUPE
BMW,M6 Gran Coupe
BMW,X6
BMW,X5 M
BMW,320i
BMW,840Ci
BMW,M2
BMW,X6
BMW,550i
BMW,640i GRAN COUPE
BMW,435i
BMW,428i
BMW,3 Series GT
BMW,428I GRAN COUPE
BMW,320i
BMW,X3
BMW,430I GRAN COUPE
BMW,428I GRAN COUPE
BMW,530i
BMW,740Li
BMW,420i
BMW,440i
BMW,320i
BMW,120i
BMW,540i
BMW,X5
BMW,X5
BMW,120i
BMW,X5 M
BMW,M4
BMW,X3
BMW,X5
BMW,630i
BMW,228i
BMW,Z4
BMW,435I GRAN COUPE
BMW,3 Series GT
BMW,X6
BMW,X4
BMW,850Ci
BMW,730i
BMW,X3
BMW,Z4
BMW,Z4
BMW,335i
BMW,740Li
BMW,750Li
BMW,740Li
BMW,750Li
BMW,Z4
BMW,ALPINA
BMW,650i
BMW,5 Series GT
BMW,640i GRAN COUPE
BMW,650i GRAN COUPE
BMW,650i GRAN COUPE
BMW,335i
BMW,335i
BMW,335i
BMW,740Li
BMW,750Li
BMW,730Li
BMW,X5
BMW,Z4
BMW,X1
BMW,750Li
BMW,M6 Gran Coupe
BMW,440I GRAN COUPE
BMW,M240i
BMW,520i
BMW,730Li
BMW,Z4
BMW,5 Series GT
BMW,435i
BMW,3 Series GT
BMW,3 Series GT
BMW,220i
BMW,120i
BMW,330i
BMW,M3
BMW,X6
BMW,730Li
BMW,X5
BMW,428I GRAN COUPE
BMW,435I GRAN COUPE
BMW,M2
BMW,520i
BMW,X5
BMW,X3
BMW,428I GRAN COUPE
BMW,I8
BMW,X1
BMW,420I GRAN COUPE
BMW,X4
BMW,X5
BMW,X6
BMW,225i ACTIVE TOURER
BMW,340i
BMW,X5
BMW,X7
BMW,318i
BMW,X6
BMW,X6
BMW,740i
BMW,iX
BMW,330i
BMW,520i
BMW,X5
BMW,Z8
BMW,318Ci
BMW,735i
BMW,745i
BMW,Z3
BMW,730Li
BMW,X3
BMW,Z4
BMW,523i
BMW,X5
BMW,X5
BMW,630i
BMW,535i
BMW,X3
BMW,X5
BMW,Z4
BMW,X6
BMW,118i
BMW,X5 M
BMW,640i GRAN COUPE
BMW,535i
BMW,535i
BMW,X3
BMW,M5
BMW,X6
BMW,X6
BMW,760Li
BMW,640i GRAN COUPE
BMW,650i GRAN COUPE
BMW,740Li
BMW,328i
BMW,640i GRAN COUPE
BMW,X6
BMW,M4
BMW,X7
BMW,218i GRAN COUP
BMW,528i
BMW,435i
BMW,428i
BMW,428i
BMW,420i
BMW,M235i
BMW,530i
BMW,540i
BMW,X5
BMW,X5
BMW,X5
BMW,750Li
BMW,218i GRAN COUP
BMW,428i
BMW,730Li
BMW,M4
BMW,840i GRAN COUPE
BMW,750Li
BMW,X3
BMW,X6
BMW,X6 M
BMW,420i
BMW,X4
BMW,X2
BMW,X4
BMW,530e
BMW,X5
BMW,218i ACTIVE TOURER
BMW,228i
BMW,X6
BMW,X6
BMW,640i GRAN COUPE
BMW,X5
BMW,540i
BMW,640i GRAN COUPE
BMW,528i
BMW,X6
BMW,740i
BMW,XM
BMW,X5
BMW,M8 GRAN COUPE
BMW,325i
BMW,318i
BMW,325Ci
BMW,545i
BMW,740i
BMW,523i
BMW,ALPINA
BMW,335Ci
BMW,323i
BMW,X5
BMW,316i
BMW,X5 M
BMW,750Li
BMW,Z4
BMW,X6
BMW,328i
BMW,118i
BMW,640i GRAN COUPE
BMW,520i
BMW,535i
BMW,320i
BMW,730Li
BMW,330i
BMW,X5
BMW,316i
BMW,550i
BMW,X1
BMW,X1
BMW,320i
BMW,520i
BMW,X5
BMW,316i
BMW,640i GRAN COUPE
BMW,220i
BMW,420I GRAN COUPE
BMW,750Li
BMW,X3
BMW,X5
BMW,X6
BMW,X7
BMW,3 Series GT
BMW,Z4
BMW,I3
BMW,750Li
BMW,X6
BMW,X1
BMW,M4
BMW,X7
BMW,740Li
BMW,X1
BMW,X5
BMW,6 Series GT
BMW,X2
BMW,M140i
BMW,528i
BMW,550i
BMW,X2
BMW,520i
BMW,X5
BMW,X4 M
BMW,X5
BMW,iX1
BORGWARD,BX5
BORGWARD,BX7
BORGWARD,BX5
BORGWARD,BX7
BORGWARD,BX5
BORGWARD,BX7
BRILLIANCE,V5
BRILLIANCE,H530
BRILLIANCE,H530
BRILLIANCE,FRV CROSS
BUGATTI,VEYRON
BUGATTI,CENTODIECI
BUGATTI,VEYRON
BUGATTI,DIVO
BUGATTI,CHIRON
BUGATTI,CHIRON
BYD,QIN PRO
BYD,ATTO 3
BYD,F3
BYD,F3
BYD,TANG
BYD,TANG
BYD,F6
BYD,F3-AT
BYD,SONG PRO
BYD,S6
BYD,SONG PRO
BYD,S7
BYD,F3
BYD,QIN PRO
BYD,F3R
CADILLAC,ESCALADE
CADILLAC,DEVILLE
CADILLAC,STS
CADILLAC,ESCALADE
CADILLAC,XT4
CADILLAC,CT4
CADILLAC,XT6
CADILLAC,CT6
CADILLAC,CT5-V
CADILLAC,ESCALADE
CADILLAC,CTS
CADILLAC,XT5
CADILLAC,CT5
CADILLAC,CT6
CADILLAC,CT6
CADILLAC,CTS
CADILLAC,XT6
CADILLAC,XLR
CADILLAC,ESCALADE
CADILLAC,STS
CADILLAC,XTS
CADILLAC,XT4
CADILLAC,ATS
CADILLAC,ATS
CADILLAC,CT6
CADILLAC,DTS
CADILLAC,ESCALADE
CADILLAC,CTS
CADILLAC,XTS
CADILLAC,ATS
CADILLAC,ATS
CADILLAC,XT5
CADILLAC,ESCALADE
CADILLAC,CT5-V
CADILLAC,BROUGHAM
CADILLAC,SLS
CADILLAC,CTS
CADILLAC,ESCALADE
CADILLAC,CTS
CADILLAC,CTS
CADILLAC,ESCALADE
CADILLAC,CT4-V
CADILLAC,ATS
CADILLAC,CT4-V
CADILLAC,CATERA
CADILLAC,SRX
CADILLAC,STS-V
CADILLAC,CTS
CADILLAC,SRX
CADILLAC,XT5
CADILLAC,ESCALADE
CADILLAC,ESCALADE
CADILLAC,XT5
CADILLAC,XT4
CADILLAC,BLS
CADILLAC,BLS
CADILLAC,SRX
CADILLAC,CTS-V
CADILLAC,ESCALADE
CADILLAC,XTS
CADILLAC,XT5
CADILLAC,CT5
CADILLAC,CTS
CADILLAC,ATS-V
CADILLAC,CTS-V
CADILLAC,ESCALADE
CADILLAC,FLEETWOOD
CADILLAC,BLS
CADILLAC,ATS
CADILLAC,ESCALADE
CADILLAC,ESCALADE
CADILLAC,XT6
CADILLAC,CT5
CADILLAC,FLEETWOOD
CHANGAN,EADO
CHANGAN,CS75 PLUS
CHANGAN,CS75
CHANGAN,CS75
CHANGAN,CS35 PLUS
CHANGAN,UNI-T
CHANGAN,CS75 PLUS
CHANGAN,CS85
CHANGAN,CS85
CHANGAN,CS35
CHANGAN,CS75 PLUS
CHANGAN,HUNTER
CHANGAN,UNI-T
CHANGAN,ALSVIN
CHANGAN,ALSVIN
CHANGAN,EADO
CHANGAN,CS75
CHANGAN,CS35
CHANGAN,UNI-K
CHANGAN,UNI-T
CHANGAN,CS95
CHANGAN,CS35
CHANGAN,CS35
CHANGAN,HUNTER
CHANGAN,UNI-V
CHANGAN,CS95
CHANGAN,CS35 PLUS
CHANGAN,CS95
CHANGAN,EADO PLUS
CHANGAN,HUNTER
CHANGAN,UNI-K
CHANGAN,UNI-T
CHERY,EASTAR
CHERY,TIGGO 7
CHERY,E5
CHERY,E8
CHERY,QQ
CHERY,E5
CHERY,ARRIZO 6
CHERY,ARRIZO 5
CHERY,TIGGO 4 PRO
CHERY,ARRIZO 5
CHERY,TIGGO 8
CHERY,TIGGO
CHERY,WINDCLOUD
CHERY,ARRIZO 6
CHERY,TIGGO 2
CHERY,TIGGO 4 PRO
CHERY,TIGGO 3
CHERY,E8
CHERY,ARRIZO 7
CHERY,TIGGO 5
CHERY,ARRIZO 3
CHERY,EXEED
CHERY,ARRIZO 5
CHERY,QQ3
CHERY,TIGGO 2
CHERY,ARRIZO 3
CHERY,TIGGO 5
CHEVROLET,EPICA
CHEVROLET,TAHOE
CHEVROLET,LUMINA
CHEVROLET,CORVETTE
CHEVROLET,SILVERADO
CHEVROLET,AVEO
CHEVROLET,SPARK
CHEVROLET,SILVERADO
CHEVROLET,TRAVERSE
CHEVROLET,CAMARO
CHEVROLET,CAMARO
CHEVROLET,SONIC
CHEVROLET,SILVERADO
CHEVROLET,SILVERADO
CHEVROLET,SUBURBAN
CHEVROLET,IMPALA
CHEVROLET,TRAX
CHEVROLET,CAMARO
CHEVROLET,BLAZER
CHEVROLET,TAHOE
CHEVROLET,MALIBU US
CHEVROLET,EQUINOX
CHEVROLET,BOLT EV
CHEVROLET,EQUINOX
CHEVROLET,MALIBU 400
CHEVROLET,SILVERADO
CHEVROLET,EQUINOX
CHEVROLET,TAHOE
CHEVROLET,TRAILBLAZER
CHEVROLET,CAVALIER
CHEVROLET,CORVETTE
CHEVROLET,EPICA
CHEVROLET,OPTRA
CHEVROLET,TAHOE
CHEVROLET,EXPRESS
CHEVROLET,CAPRICE
CHEVROLET,CAPRICE
CHEVROLET,CAPTIVA
CHEVROLET,AVALANCHE
CHEVROLET,CRUZE
CHEVROLET,TAHOE
CHEVROLET,SUBURBAN
CHEVROLET,CAMARO
CHEVROLET,SILVERADO
CHEVROLET,SILVERADO
CHEVROLET,SILVERADO
CHEVROLET,CORVETTE
CHEVROLET,CRUZE
CHEVROLET,EQUINOX
CHEVROLET,MALIBU 400
CHEVROLET,SILVERADO
CHEVROLET,CORVETTE
CHEVROLET,CAMARO
CHEVROLET,IMPALA
CHEVROLET,SILVERADO
CHEVROLET,TAHOE
CHEVROLET,TRACKER
CHEVROLET,TAHOE
CHEVROLET,BLAZER
CHEVROLET,AVEO
CHEVROLET,IMPALA
CHEVROLET,LUMINA
CHEVROLET,TRAVERSE
CHEVROLET,CAMARO
CHEVROLET,SILVERADO
CHEVROLET,SONIC
CHEVROLET,SONIC
CHEVROLET,SPARK
CHEVROLET,TRAX
CHEVROLET,TAHOE
CHEVROLET,CAMARO
CHEVROLET,MALIBU
CHEVROLET,BLAZER
CHEVROLET,TRAVERSE
CHEVROLET,CORVETTE
CHEVROLET,CAMARO
CHEVROLET,SILVERADO
CHEVROLET,SILVERADO
CHEVROLET,TAHOE
CHEVROLET,TAHOE
CHEVROLET,CORVETTE
CHEVROLET,SILVERADO
CHEVROLET,TAHOE
CHEVROLET,TAHOE
CHEVROLET,CAMARO
CHEVROLET,CORVETTE
CHEVROLET,SILVERADO
CHEVROLET,CAPRICE
CHEVROLET,CORVETTE
CHEVROLET,MALIBU
CHEVROLET,CRUZE
CHEVROLET,SILVERADO
CHEVROLET,SILVERADO
CHEVROLET,COLORADO
CHEVROLET,SILVERADO
CHEVROLET,SILVERADO
CHEVROLET,SILVERADO
CHEVROLET,TAHOE
CHEVROLET,CAMARO
CHEVROLET,CAMARO
CHEVROLET,MALIBU 400
CHEVROLET,SUBURBAN
CHEVROLET,SUBURBAN
CHEVROLET,EQUINOX
CHEVROLET,TRAX
CHEVROLET,CAMARO
CHEVROLET,MALIBU
CHEVROLET,GROOVE
CHEVROLET,CORVETTE
CHEVROLET,TRAILBLAZER
CHEVROLET,ASTRO
CHEVROLET,VENTURE
CHEVROLET,SILVERADO
CHEVROLET,AVEO
CHEVROLET,AVALANCHE
CHEVROLET,CSV
CHEVROLET,TAHOE
CHEVROLET,AVALANCHE
CHEVROLET,TRAVERSE
CHEVROLET,MALIBU
CHEVROLET,CORVETTE
CHEVROLET,SILVERADO
CHEVROLET,SILVERADO
CHEVROLET,SILVERADO
CHEVROLET,CAMARO
CHEVROLET,CRUZE
CHEVROLET,TAHOE
CHEVROLET,IMPALA
CHEVROLET,TAHOE
CHEVROLET,SUBURBAN
CHEVROLET,BLAZER
CHEVROLET,CORVETTE
CHEVROLET,CORVETTE
CHEVROLET,CAMARO
CHEVROLET,TAHOE
CHEVROLET,TRAILBLAZER
CHEVROLET,MALIBU 400
CHEVROLET,CORVETTE
CHEVROLET,CAMARO
CHEVROLET,MALIBU
CHEVROLET,CORVETTE
CHEVROLET,SILVERADO
CHEVROLET,TAHOE
CHEVROLET,SILVERADO
CHEVROLET,SUBURBAN
CHEVROLET,AVALANCHE
CHEVROLET,MALIBU
CHEVROLET,UPLANDER
CHEVROLET,AVEO
CHEVROLET,CAPRICE
CHEVROLET,AVEO-5
CHEVROLET,AVALANCHE
CHEVROLET,TRAVERSE
CHEVROLET,MALIBU
CHEVROLET,SILVERADO
CHEVROLET,SILVERADO
CHEVROLET,SUBURBAN
CHEVROLET,TRAVERSE
CHEVROLET,SILVERADO
CHEVROLET,MALIBU
CHEVROLET,SILVERADO
CHEVROLET,TRAVERSE
CHEVROLET,SILVERADO
CHEVROLET,SILVERADO
CHEVROLET,SUBURBAN
CHEVROLET,CAPTIVA
CHEVROLET,TRAVERSE
CHEVROLET,TAHOE
CHEVROLET,TRAVERSE
CHEVROLET,SILVERADO
CHEVROLET,IMPALA
CHEVROLET,CAMARO
CHEVROLET,EXPRESS
CHEVROLET,SILVERADO
CHEVROLET,TAHOE
CHEVROLET,MALIBU
CHEVROLET,CAPRICE
CHEVROLET,LUMINA
CHEVROLET,LUMINA
CHEVROLET,SUBURBAN
CHEVROLET,SUBURBAN
CHEVROLET,TAHOE
CHEVROLET,TAHOE
CHEVROLET,BARINA
CHEVROLET,AVALANCHE
CHEVROLET,SSR
CHEVROLET,SPARK
CHEVROLET,CAPTIVA
CHEVROLET,AVEO-5
CHEVROLET,CRUZE
CHEVROLET,SILVERADO
CHEVROLET,SILVERADO
CHEVROLET,CORVETTE
CHEVROLET,MALIBU
CHEVROLET,MALIBU
CHEVROLET,MALIBU 400
CHEVROLET,SILVERADO
CHEVROLET,SPARK
CHEVROLET,SILVERADO
CHEVROLET,MALIBU 400
CHEVROLET,MALIBU 400
CHEVROLET,SILVERADO
CHEVROLET,SUBURBAN
CHEVROLET,SILVERADO
CHEVROLET,CAMARO
CHEVROLET,SILVERADO
CHEVROLET,SILVERADO
CHEVROLET,SUBURBAN
CHEVROLET,CORVETTE
CHEVROLET,TRAILBLAZER
CHEVROLET,CAPRICE
CHEVROLET,CAPTIVA
CHEVROLET,CAMARO
CHEVROLET,MALIBU
CHEVROLET,SONIC
CHEVROLET,SILVERADO
CHEVROLET,SILVERADO
CHEVROLET,CAMARO
CHEVROLET,IMPALA
CHEVROLET,CORVETTE
CHEVROLET,SUBURBAN
CHEVROLET,CAMARO
CHEVROLET,MALIBU
CHEVROLET,CORVETTE
CHEVROLET,BLAZER
CHEVROLET,GROOVE
CHEVROLET,TAHOE
CHEVROLET,TAHOE
CHEVROLET,CORVETTE
CHEVROLET,SILVERADO
CHEVROLET,CAMARO
CHEVROLET,EXPRESS
CHEVROLET,CORVETTE
CHEVROLET,SILVERADO
CHEVROLET,CORVETTE
CHEVROLET,SILVERADO
CHEVROLET,SUBURBAN
CHEVROLET,SILVERADO
CHEVROLET,CORVETTE
CHEVROLET,SILVERADO
CHEVROLET,EL CAMINO
CHRYSLER,300C
CHRYSLER,300C
CHRYSLER,300C
CHRYSLER,GRAND VOYAGER
CHRYSLER,CONCORDE
CHRYSLER,300C
CHRYSLER,300C
CHRYSLER,CROSSFIRE
CHRYSLER,200C
CHRYSLER,300C
CHRYSLER,PACIFICA
CHRYSLER,PACIFICA
CHRYSLER,GRAND VOYAGER
CHRYSLER,NEON
CHRYSLER,300M
CHRYSLER,SEBRING
CHRYSLER,200C
CHRYSLER,300C
CHRYSLER,PACIFICA
CHRYSLER,200
CHRYSLER,GRAND VOYAGER
CHRYSLER,PT CRUISER
CHRYSLER,GRAND VOYAGER
CHRYSLER,300C
CHRYSLER,SEBRING
CHRYSLER,GRAND VOYAGER
CHRYSLER,300C
CHRYSLER,300C
CHRYSLER,300C
CHRYSLER,SEBRING
CHRYSLER,SEBRING
CHRYSLER,SEBRING
CHRYSLER,GRAND VOYAGER
CHRYSLER,300C
CHRYSLER,200C
CHRYSLER,300C
CHRYSLER,200
CHRYSLER,300C
CHRYSLER,300S
CHRYSLER,PT CRUISER
CHRYSLER,GRAND VOYAGER
CHRYSLER,FIFTH AVENUE
CITROEN,DS3
CITROEN,C3 AIRCROSS
CITROEN,C5 AIRCROSS
CITROEN,DS5
CITROEN,C-ELYSEE
CITROEN,C-ELYSEE
CITROEN,C-ELYSEE
CITROEN,C4
CITROEN,C6
CITROEN,C5 AIRCROSS
CITROEN,DS3
CITROEN,C3
CITROEN,C5
CITROEN,DS4
CITROEN,C5 AIRCROSS
CITROEN,C3 AIRCROSS
CITROEN,SPACETOURER
CITROEN,C3 AIRCROSS
CITROEN,C4
CITROEN,C4
CITROEN,SPACETOURER
CITROEN,DS5
CITROEN,C5
CITROEN,C4
CITROEN,C5
CMC,Z7
CMC,VERYCA
CMC,VERYCA
DAIHATSU,SIRION
DAIHATSU,GRAN MAX
DAIHATSU,MATERIA
DAIHATSU,YRV
DAIHATSU,TERIOS
DAIHATSU,SIRION
DAIHATSU,SIRION
DAIHATSU,TERIOS
DAIHATSU,TERIOS
DAIHATSU,TERIOS
DAIHATSU,SIRION
DAIHATSU,TERIOS
DAIHATSU,CHARADE
DAYUN,ES3
DFSK,FENGON IX5
DFSK,FENGON C32
DFSK,FENGON IX5
DFSK,FENGON 580
DFSK,FENGON IX5
DFSK,FENGON 580
DFSK,FENGON C31
DODGE,DURANGO
DODGE,DURANGO
DODGE,CHARGER
DODGE,AVENGER
DODGE,DURANGO
DODGE,CHALLENGER
DODGE,CHALLENGER
DODGE,CHARGER
DODGE,DURANGO
DODGE,VIPER
DODGE,CHALLENGER
DODGE,CHARGER
DODGE,CHARGER
DODGE,DURANGO
DODGE,CHARGER
DODGE,CHALLENGER
DODGE,NEON
DODGE,CHALLENGER
DODGE,DURANGO
DODGE,CHARGER
DODGE,CHARGER
DODGE,RAM
DODGE,NITRO
DODGE,NITRO
DODGE,NITRO
DODGE,DURANGO
DODGE,DART
DODGE,CHARGER
DODGE,CHALLENGER
DODGE,CHALLENGER
DODGE,CHARGER
DODGE,VIPER
DODGE,CHARGER
DODGE,NEON
DODGE,DURANGO
DODGE,DURANGO
DODGE,CALIBER
DODGE,CHARGER
DODGE,DURANGO
DODGE,DART
DODGE,DURANGO
DODGE,CHALLENGER
DODGE,CHALLENGER
DODGE,CHARGER
DODGE,CHARGER
DODGE,CHARGER
DODGE,CHARGER
DODGE,DURANGO
DODGE,CHALLENGER
DODGE,CHALLENGER
DODGE,CHARGER
DODGE,INTREPID
DODGE,DURANGO
DODGE,AVENGER
DODGE,CALIBER
DODGE,DART
DODGE,DURANGO
DODGE,DURANGO
DODGE,CHARGER
DODGE,CHALLENGER
DODGE,VIPER
DODGE,CHALLENGER
DODGE,NEON
DODGE,RAM
DODGE,CHARGER
DODGE,CHARGER
DODGE,CALIBER
DODGE,CALIBER
DODGE,CHARGER
DODGE,DURANGO
DODGE,VIPER
DODGE,CHARGER
DODGE,DURANGO
DODGE,CHALLENGER
DODGE,CHALLENGER
DODGE,CHARGER
DODGE,DURANGO
DODGE,CHALLENGER
DODGE,CHARGER
DODGE,RAM
DODGE,CHARGER
DODGE,CALIBER
DODGE,CHALLENGER
DODGE,CHALLENGER
DODGE,CHARGER
DODGE,DURANGO
DODGE,CHALLENGER
DODGE,CHARGER
DODGE,NEON
DODGE,DURANGO
DODGE,VIPER
DODGE,CHARGER
DODGE,CHARGER
DODGE,DAKOTA
DODGE,NITRO
DODGE,NITRO
DODGE,CHARGER
DODGE,CHARGER
DODGE,DURANGO
DODGE,CHALLENGER
DODGE,DURANGO
DODGE,CHARGER
DODGE,CHALLENGER
DODGE,VIPER
DODGE,CHALLENGER
DODGE,NEON
DODGE,CHARGER
DODGE,DURANGO
DODGE,CHALLENGER
DODGE,DURANGO
DODGE,CHARGER
DODGE,CHALLENGER
DORCEN,DOMY X5
DORCEN,DOMY X7
DORCEN,G70s
EXEED,TXL
EXEED,VX
FAW,BESTUNE T77
FERRARI,F12
FERRARI,488 PISTA
FERRARI,296
FERRARI,F575M
FERRARI,F430
FERRARI,F430
FERRARI,F430
FERRARI,LAFERRARI
FERRARI,MONZA
FERRARI,488 CHALLENGE
FERRARI,488 SPIDER
FERRARI,F8 SPIDER
FERRARI,SF90
FERRARI,488 PISTA
FERRARI,F12
FERRARI,458 SPECIALE
FERRARI,360 CHALLENGE
FERRARI,F430
FERRARI,812
FERRARI,PORTOFINO M
FERRARI,TESTAROSSA
FERRARI,550 BARCHETTA
FERRARI,612
FERRARI,F599
FERRARI,F8 TRIBUTO
FERRARI,ROMA
FERRARI,MONZA
FERRARI,GTC4
FERRARI,348 TS
FERRARI,F575M
FERRARI,F430
FERRARI,CALIFORNIA
FERRARI,F430
FERRARI,FF
FERRARI,F599
FERRARI,SF90
FERRARI,458 ITALIA
FERRARI,LAFERRARI
FERRARI,360 MODENA
FERRARI,550 MARANELLO
FERRARI,458 ITALIA
FERRARI,812
FERRARI,PORTOFINO
FERRARI,CALIFORNIA
FERRARI,F12
FERRARI,360 MODENA
FERRARI,F599
FERRARI,458 ITALIA
FERRARI,488 GTB
FERRARI,F430
FERRARI,488 GTB
FIAT,500
FIAT,500
FIAT,500
FIAT,124 SPIDER
FIAT,500
FIAT,500
FIAT,500
FIAT,500
FIAT,DUCATO
FIAT,500
FIAT,500
FIAT,500X
FIAT,500X
FIAT,500
FIAT,DUCATO
FIAT,500X
FIAT,124 SPIDER
FIAT,500
FIAT,500
FIAT,DUCATO
FIAT,FIORINO
FIAT,500
FIAT,500L
FIAT,BRAVO
FIAT,LINEA
FIAT,500X
FISKER,KARMA
FORCE,TRAVELLER
FORCE,TRAVELLER
FORD,F-150
FORD,CROWN VICTORIA
FORD,EXPEDITION
FORD,EXPEDITION
FORD,FOCUS
FORD,RANGER
FORD,F-150
FORD,MUSTANG
FORD,RANGER
FORD,F-150
FORD,F-150
FORD,F-150
FORD,TAURUS
FORD,F-150
FORD,F-150
FORD,EXPEDITION
FORD,EXPLORER
FORD,FREESTAR
FORD,FOCUS
FORD,EDGE
FORD,ESCAPE
FORD,FUSION
FORD,FLEX
FORD,MUSTANG
FORD,TAURUS
FORD,TAURUS
FORD,FOCUS
FORD,F-150
FORD,F-150
FORD,F-150
FORD,MUSTANG
FORD,MUSTANG
FORD,F-150
FORD,F-150
FORD,F-150
FORD,RANGER
FORD,ESCORT
FORD,F-150
FORD,F-150
FORD,EXPEDITION   EL
FORD,TERRITORY
FORD,EDGE
FORD,FOCUS
FORD,EXPLORER
FORD,ESCAPE
FORD,FOCUS
FORD,F-150
FORD,GT
FORD,EXPLORER SPORT TRAC
FORD,FLEX
FORD,ESCAPE
FORD,ESCAPE
FORD,EXPLORER
FORD,EXPLORER
FORD,FUSION
FORD,FLEX
FORD,TAURUS
FORD,TAURUS
FORD,EXPEDITION   EL
FORD,FIGO
FORD,EXPLORER
FORD,EXPLORER
FORD,EXPEDITION   EL
FORD,ECOSPORT
FORD,F-150
FORD,F-150
FORD,EXPLORER
FORD,EDGE
FORD,TRANSIT
FORD,TAURUS
FORD,EXPEDITION   EL
FORD,TRANSIT
FORD,EDGE
FORD,F-150
FORD,F-150
FORD,BRONCO
FORD,F-150
FORD,EXPEDITION
FORD,EXPEDITION
FORD,MONDEO
FORD,FIESTA
FORD,FIESTA
FORD,FLEX
FORD,F-350
FORD,F-150
FORD,TAURUS
FORD,BRONCO
FORD,F-150
FORD,TRANSIT
FORD,ESCORT
FORD,F-150
FORD,F-150
FORD,F-150
FORD,FIGO
FORD,F-150
FORD,BRONCO
FORD,FIESTA
FORD,EXPLORER
FORD,F-350
FORD,F-150
FORD,MONDEO
FORD,EXPLORER
FORD,EDGE
FORD,FUSION
FORD,FLEX
FORD,ESCAPE
FORD,MUSTANG
FORD,MUSTANG
FORD,F-150
FORD,FIGO
FORD,FUSION
FORD,F-150
FORD,ECOSPORT
FORD,MUSTANG
FORD,ESCAPE
FORD,ESCAPE
FORD,F-150
FORD,MUSTANG
FORD,TRANSIT
FORD,F-150
FORD,F-150
FORD,TRANSIT
FORD,F-150
FORD,F-150
FORD,F-150
FORD,EXPEDITION   EL
FORD,MUSTANG
FORD,RANGER
FORD,MUSTANG
FORD,MONDEO
FORD,EVEREST
FORD,RANGER
FORD,EDGE
FORD,MONDEO
FORD,F-550
FORD,TAURUS
FORD,EXPEDITION
FORD,EXPEDITION
FORD,MUSTANG
FORD,F-150
FORD,F-150
FORD,F-150
FORD,F-150
FORD,TAURUS
FORD,ECOSPORT
FORD,TRANSIT
FORD,F-150
FORD,EXPEDITION
FORD,F-550
FORD,F-150
FORD,F-150
FORD,F-150
FORD,F-150
FORD,EXPEDITION
FORD,TERRITORY
FORD,F-150
FORD,ESCAPE
FORD,MONDEO
FORD,EDGE
FORD,FIVE HUNDRED
FORD,RANGER
FORD,RANGER
FORD,F-150
FORD,MUSTANG
FORD,EDGE
FORD,F-150
FORD,ESCAPE
FORD,MUSTANG
FORD,RANGER
FORD,EXPEDITION   EL
FORD,FUSION
FORD,FUSION
FORD,F-150
FORD,F-150
FORD,ESCAPE
FORD,MUSTANG
FORD,EDGE
FORD,BRONCO
FORD,EXPEDITION   EL
FORD,ESCORT
FORD,EXPEDITION
FORD,MUSTANG
FORD,F-150
FORD,F-150
FORD,EXPEDITION
FORD,FOCUS
FORD,MUSTANG
FORD,FIESTA
FORD,FOCUS
FORD,MUSTANG
FORD,EXPLORER SPORT TRAC
FORD,EDGE
FORD,F-150
FORD,F-150
FORD,F-150
FORD,FIGO
FORD,EDGE
FORD,F-150
FORD,ESCAPE
FORD,MUSTANG
FORD,TAURUS
FORD,F-150
FORD,MUSTANG
FORD,FUSION
FORD,EXPEDITION
FORD,F-150
FORD,F-150
FORD,TERRITORY
FORTHING,T5 EVO
FORTHING,U-TOUR
FOTON,TUNLAND
FOTON,AUMARK CHASSIS
GAC,GS4
GAC,GS5
GAC,GA6
GAC,GA4
GAC,GN6
GAC,EMKOO
GAC,GS7
GAC,GS8
GAC,GN6
GAC,GA8
GAC,GS5
GAC,GS5
GAC,GA8
GAC,GA4
GAC,GS4
GAC,GA6
GAC,EMPOW
GAC,GS4
GAC,GN8
GAC,GA6
GAC,GA3
GAC,GS7
GAC,GS8
GAC,GS3
GAC,GN6
GAC,GN8
GAC,GA6
GAC,GA6
GAC,GS8
GAC,GS3
GAC,GS4
GAC,GN8
GAC,GS3
GEELY,COOLRAY
GEELY,EMGRAND EC7
GEELY,EMGRAND GT
GEELY,EMGRAND EX7
GEELY,EMGRAND 7RV
GEELY,COOLRAY
GEELY,OKAVANGO
GEELY,BINARY
GEELY,BINARY
GEELY,EMGRAND
GEELY,EMGRAND GC6
GEELY,POER
GEELY,EMGRAND EC8
GEELY,EMGRAND EX7
GEELY,EMGRAND GT
GEELY,EMGRAND
GEELY,MONJARO
GEELY,EMGRAND
GEELY,MONJARO
GEELY,EMGRAND GC7
GEELY,EMGRAND X7 SPORT
GEELY,EMGRAND 7
GEELY,COOLRAY
GEELY,COOLRAY
GEELY,TUGELLA
GEELY,GX2
GEELY,GX2
GEELY,EMGRAND GT
GEELY,MONJARO
GEELY,EMGRAND GS
GEELY,EMGRAND 7RV
GEELY,AZKARRA
GEELY,AZKARRA
GEELY,EMGRAND GS
GEELY,EMGRAND EC8
GEELY,OKAVANGO
GEELY,POER
GEELY,GC2
GEELY,GC2
GEELY,EMGRAND 7
GEELY,EMGRAND X7 SPORT
GEELY,EMGRAND X7 SPORT
GEELY,COOLRAY
GEELY,TUGELLA
GENESIS,G70
GENESIS,G70
GENESIS,G80
GENESIS,G90
GENESIS,GV70
GENESIS,G70
GENESIS,G70
GENESIS,GV70
GENESIS,G90
GENESIS,GV70
GENESIS,G70
GENESIS,G80
GENESIS,G70
GENESIS,G80
GENESIS,G90
GENESIS,GV80
GENESIS,G80
GENESIS,G80
GENESIS,GV80
GMC,TERRAIN
GMC,SIERRA
GMC,SIERRA
GMC,YUKON XL
GMC,SIERRA
GMC,SIERRA
GMC,YUKON
GMC,YUKON
GMC,SIERRA
GMC,SIERRA
GMC,SAVANA
GMC,SIERRA
GMC,SIERRA
GMC,ENVOY
GMC,ACADIA
GMC,ACADIA
GMC,SIERRA
GMC,SIERRA
GMC,SIERRA
GMC,ACADIA
GMC,SIERRA
GMC,SIERRA
GMC,YUKON XL
GMC,SIERRA
GMC,YUKON
GMC,SIERRA
GMC,ACADIA
GMC,TERRAIN
GMC,TERRAIN
GMC,YUKON XL
GMC,YUKON
GMC,YUKON
GMC,SIERRA
GMC,SIERRA
GMC,YUKON
GMC,YUKON
GMC,YUKON
GMC,ENVOY
GMC,ACADIA
GMC,TERRAIN
GMC,SIERRA
GMC,YUKON XL
GMC,SIERRA
GMC,SIERRA
GMC,SIERRA
GMC,YUKON XL
GMC,YUKON XL
GMC,ENVOY
GMC,SIERRA
GMC,ENVOY
GMC,YUKON
GMC,SIERRA
GMC,YUKON XL
GMC,YUKON XL
GMC,YUKON XL
GMC,SIERRA
GMC,SAVANA
GMC,SIERRA
GMC,TERRAIN
GMC,SAVANA
GMC,SIERRA
GMC,SIERRA
GMC,C/K
GMC,TERRAIN
GMC,SIERRA
GMC,ACADIA
GMC,SIERRA
GMC,SIERRA
GMC,YUKON
GMC,YUKON
GMC,TERRAIN
GMC,SIERRA
GMC,YUKON XL
GMC,ACADIA
GMC,SIERRA
GMC,SIERRA
GMC,SIERRA
GREAT WALL,POER
GREAT WALL,WINGLE 3
GREAT WALL,POER
GREAT WALL,WINGLE 7
GREAT WALL,TANK 500
GREAT WALL,WINGLE 6
GREAT WALL,FLORID
GREAT WALL,WINGLE 5
GREAT WALL,WINGLE 3
HAVAL,JOLION
HAVAL,H2
HAVAL,H9
HAVAL,JOLION
HAVAL,H6
HAVAL,H6
HAVAL,H6 SPORT
HAVAL,H6
HAVAL,DARGO
HAVAL,H2
HAVAL,H8
HONDA,ACCORD
HONDA,S2000
HONDA,LEGEND
HONDA,CIVIC
HONDA,ACCORD
HONDA,ACCORD COUPE
HONDA,ACCORD CROSSTOUR
HONDA,ACCORD
HONDA,ACCORD
HONDA,CITY
HONDA,ACCORD
HONDA,ACCORD
HONDA,CITY
HONDA,CR-X
HONDA,ACCORD
HONDA,ACCORD
HONDA,ACCORD
HONDA,MRV
HONDA,STREAM
HONDA,ACCORD COUPE
HONDA,STREAM
HONDA,ACCORD
HONDA,CR-V
HONDA,ACCORD CROSSTOUR
HONDA,ACCORD CROSSTOUR
HONDA,ACCORD
HONDA,CIVIC
HONDA,HRV
HONDA,CITY
HONDA,ACCORD
HONDA,ACCORD COUPE
HONDA,CITY
HONDA,CR-V
HONDA,JAZZ
HONDA,JAZZ
HONDA,PILOT
HONDA,ACCORD
HONDA,ODYSSEY J
HONDA,PILOT
HONDA,CIVIC
HONDA,CIVIC
HONDA,CR-X
HONDA,CIVIC
HONDA,ACCORD
HONDA,ACCORD COUPE
HONDA,JAZZ
HONDA,CIVIC
HONDA,PILOT
HONDA,FIT
HONDA,CIVIC
HONDA,CR-V
HONDA,HRV
HONDA,CR-V
HONDA,CIVIC
HONDA,ACCORD
HONDA,ZR-V
HONDA,ACCORD
HONDA,ACCORD COUPE
HONDA,JAZZ
HONDA,PILOT
HONDA,ACCORD
HONDA,PILOT
HONDA,ACCORD
HONDA,CIVIC
HONDA,HRV
HONDA,ACCORD
HONDA,ACCORD
HONDA,ACCORD
HONDA,JAZZ
HONDA,CIVIC
HONDA,CR-V
HONDA,PILOT
HONDA,ACCORD
HONDA,ACCORD
HONDA,HRV
HONDA,CITY
HONDA,ACCORD
HONDA,CR-V
HONDA,ODYSSEY
HONDA,ODYSSEY
HONDA,CITY
HONDA,MRV
HONDA,ACCORD
HONDA,ODYSSEY
HONDA,ACCORD COUPE
HONDA,ACCORD
HONDA,CITY
HONDA,CIVIC
HONDA,ODYSSEY J
HONDA,CITY
HONDA,CIVIC
HONDA,ACCORD
HONDA,CIVIC
HONDA,E-NS1
HONDA,CIVIC
HONDA,CR-V
HONDA,STREAM
HONDA,ACCORD
HONDA,CIVIC
HONDA,MRV
HONDA,STREAM
HONDA,STREAM
HONDA,CIVIC
HONDA,CR-V
HONDA,ODYSSEY
HONDA,ACCORD
HONDA,CR-V
HONDA,CR-V
HONDA,CIVIC
HONDA,JAZZ
HONDA,CIVIC
HONDA,CIVIC
HONDA,ZR-V
HONDA,JAZZ
HONGQI,EHS9
HONGQI,OUSADO
HONGQI,HS5
HONGQI,HS7
HONGQI,OUSADO
HONGQI,EHS9
HONGQI,HS5
HONGQI,H9
HONGQI,H9
HONGQI,HS7
HONGQI,HS7
HONGQI,EHS9
HONGQI,HS5
HONGQI,H7
HONGQI,H7
HONGQI,H5
HONGQI,HS7
HONGQI,H5
HONGQI,H9
HONGQI,H5
HUMMER,H3
HUMMER,H2
HUMMER,H2
HUMMER,H3
HUMMER,H1
HYUNDAI,ACCENT
HYUNDAI,MATRIX
HYUNDAI,ATOS PRIME
HYUNDAI,TUCSON
HYUNDAI,GENESIS
HYUNDAI,H1
HYUNDAI,GENESIS COUPE
HYUNDAI,AZERA
HYUNDAI,SANTA FE
HYUNDAI,GRAND i10
HYUNDAI,SANTA FE
HYUNDAI,KONA
HYUNDAI,GENESIS
HYUNDAI,GENESIS
HYUNDAI,VELOSTER
HYUNDAI,KONA
HYUNDAI,GETZ
HYUNDAI,SONATA
HYUNDAI,SANTA FE
HYUNDAI,VERACRUZ
HYUNDAI,SANTA FE
HYUNDAI,i10
HYUNDAI,i30
HYUNDAI,i40
HYUNDAI,SANTA FE
HYUNDAI,i40
HYUNDAI,GENESIS
HYUNDAI,VELOSTER
HYUNDAI,ELANTRA
HYUNDAI,AZERA
HYUNDAI,KONA
HYUNDAI,KONA
HYUNDAI,AZERA
HYUNDAI,VELOSTER
HYUNDAI,PALISADE
HYUNDAI,XG 350
HYUNDAI,ACCENT
HYUNDAI,MATRIX
HYUNDAI,H1
HYUNDAI,H1
HYUNDAI,SONATA
HYUNDAI,GENESIS
HYUNDAI,ELANTRA
HYUNDAI,VELOSTER
HYUNDAI,GRAND i10
HYUNDAI,SONATA
HYUNDAI,ACCENT
HYUNDAI,TUCSON
HYUNDAI,KONA
HYUNDAI,GENESIS COUPE
HYUNDAI,VELOSTER
HYUNDAI,CRETA
HYUNDAI,TUCSON
HYUNDAI,SONATA
HYUNDAI,TRAJET
HYUNDAI,GALLOPER
HYUNDAI,ACCENT
HYUNDAI,AZERA
HYUNDAI,TUCSON
HYUNDAI,TUCSON
HYUNDAI,VERACRUZ
HYUNDAI,GETZ
HYUNDAI,i10
HYUNDAI,VELOSTER
HYUNDAI,TUCSON
HYUNDAI,i40
HYUNDAI,CENTENNIAL
HYUNDAI,SANTA FE
HYUNDAI,SANTA FE
HYUNDAI,VELOSTER
HYUNDAI,VELOSTER
HYUNDAI,CRETA
HYUNDAI,TUCSON
HYUNDAI,PALISADE
HYUNDAI,PALISADE
HYUNDAI,GENESIS COUPE
HYUNDAI,GRAND i10
HYUNDAI,CRETA
HYUNDAI,ACCENT
HYUNDAI,STARIA
HYUNDAI,ELANTRA
HYUNDAI,ELANTRA
HYUNDAI,H1
HYUNDAI,SONATA
HYUNDAI,H1
HYUNDAI,GRAND SANTA FE
HYUNDAI,GRAND SANTA FE
HYUNDAI,AZERA
HYUNDAI,KONA
HYUNDAI,PALISADE
HYUNDAI,IONIQ
HYUNDAI,GRAND i10
HYUNDAI,VELOSTER
HYUNDAI,GRAND i10
HYUNDAI,GENESIS
HYUNDAI,CENTENNIAL
HYUNDAI,GENESIS
HYUNDAI,SONATA
HYUNDAI,IONIQ
HYUNDAI,KONA
HYUNDAI,i10
HYUNDAI,i30
HYUNDAI,TUCSON
HYUNDAI,GENESIS
HYUNDAI,CENTENNIAL
HYUNDAI,SONATA
HYUNDAI,TUCSON
HYUNDAI,SONATA
HYUNDAI,CRETA
HYUNDAI,STARIA
HYUNDAI,TUCSON
HYUNDAI,TUCSON
HYUNDAI,VELOSTER
HYUNDAI,SONATA
HYUNDAI,SONATA
HYUNDAI,COUPE
HYUNDAI,SANTA FE
HYUNDAI,TERRACAN
HYUNDAI,TERRACAN
HYUNDAI,SANTA FE
HYUNDAI,VERACRUZ
HYUNDAI,MATRIX
HYUNDAI,ELANTRA
HYUNDAI,GENESIS
HYUNDAI,GRAND SANTA FE
HYUNDAI,SANTA FE
HYUNDAI,CRETA
HYUNDAI,ACCENT
HYUNDAI,PALISADE
HYUNDAI,TUCSON
HYUNDAI,GRAND i10
HYUNDAI,CRETA
HYUNDAI,VELOSTER
HYUNDAI,VELOSTER
HYUNDAI,CENTENNIAL
HYUNDAI,TUCSON
HYUNDAI,ACCENT
HYUNDAI,TRAJET
HYUNDAI,TUCSON
HYUNDAI,TUCSON
HYUNDAI,CENTENNIAL
HYUNDAI,ELANTRA
HYUNDAI,SONATA
HYUNDAI,AZERA
HYUNDAI,i30
HYUNDAI,i20
HYUNDAI,i20
HYUNDAI,VELOSTER
HYUNDAI,ACCENT
HYUNDAI,ELANTRA
HYUNDAI,TUCSON
HYUNDAI,TUCSON
HYUNDAI,SANTA FE
INEOS,GRENADIER
INFINITI,G35
INFINITI,EX35
INFINITI,QX56
INFINITI,M37
INFINITI,QX70
INFINITI,Q60
INFINITI,Q60
INFINITI,Q50
INFINITI,QX60
INFINITI,Q50
INFINITI,Q50
INFINITI,Q70
INFINITI,G37
INFINITI,FX35
INFINITI,G37
INFINITI,QX56
INFINITI,EX35
INFINITI,JX35
INFINITI,QX80
INFINITI,Q70
INFINITI,Q50
INFINITI,Q60
INFINITI,QX70
INFINITI,Q60
INFINITI,QX80
INFINITI,QX50
INFINITI,QX80
INFINITI,QX50
INFINITI,Q60
INFINITI,Q45
INFINITI,M56
INFINITI,G25
INFINITI,EX37
INFINITI,Q30
INFINITI,Q50
INFINITI,QX50
INFINITI,QX55
INFINITI,Q50
INFINITI,Q60
INFINITI,I35
INFINITI,G37
INFINITI,FX50
INFINITI,Q50
INFINITI,QX50
INFINITI,QX60
INFINITI,QX30
INFINITI,Q60
INFINITI,JX35
INFINITI,QX80
INFINITI,QX50
INFINITI,I30
INFINITI,G35
INFINITI,M45
INFINITI,G37
INFINITI,QX70
INFINITI,QX60
INFINITI,Q70
INFINITI,QX80
INFINITI,Q50
INFINITI,QX55
INFINITI,Q50
INFINITI,Q30
INFINITI,QX70
INFINITI,Q50
INFINITI,FX45
INFINITI,M35
INFINITI,QX56
INFINITI,M37
INFINITI,G25
INFINITI,FX50
INFINITI,JX35
INFINITI,FX37
INFINITI,G25
INFINITI,QX50
INFINITI,Q70
INFINITI,QX80
INFINITI,QX30
INFINITI,QX60
INFINITI,Q60
INFINITI,QX80
INFINITI,QX80
INFINITI,FX35
INFINITI,QX56
INFINITI,EX37
INFINITI,QX80
INFINITI,Q50
INFINITI,Q50
INFINITI,Q50
INFINITI,QX70S
INFINITI,QX50
INFINITI,Q30
INFINITI,Q30
INFINITI,Q50
INFINITI,Q30
INFINITI,QX4
INFINITI,G37
INFINITI,M37
INFINITI,M56
INFINITI,QX60
INFINITI,Q50
INFINITI,QX70S
INFINITI,FX35
INFINITI,QX50
INFINITI,QX55
INFINITI,QX50
INFINITI,QX50
INFINITI,Q30
INFINITI,QX60
ISUZU,MU-X
ISUZU,NPR
ISUZU,NPR
ISUZU,MU-X
ISUZU,D-MAX
ISUZU,NPR
ISUZU,D-MAX
ISUZU,NPR
IVECO,DAILY
JAC,T8
JAC,M4
JAC,J6
JAC,M5
JAC,J7
JAC,J4
JAC,S7
JAC,J5
JAC,J6
JAC,JS4
JAC,S3 PLUS
JAC,J5
JAC,S3
JAC,SUNRAY
JAC,T8
JAGUAR,X TYPE
JAGUAR,XJ
JAGUAR,F-TYPE
JAGUAR,XF
JAGUAR,F-PACE
JAGUAR,XE
JAGUAR,XJ
JAGUAR,XJ
JAGUAR,XJ
JAGUAR,XF
JAGUAR,XKR-S
JAGUAR,XF
JAGUAR,I-PACE
JAGUAR,E-PACE
JAGUAR,XF
JAGUAR,XF
JAGUAR,XF
JAGUAR,XE
JAGUAR,XE
JAGUAR,F-PACE
JAGUAR,XJ
JAGUAR,XJ
JAGUAR,XJ
JAGUAR,E-PACE
JAGUAR,XF
JAGUAR,XJ
JAGUAR,X TYPE
JAGUAR,F-PACE
JAGUAR,XF
JAGUAR,XJ
JAGUAR,XJ
JAGUAR,F-PACE
JAGUAR,XKR
JAGUAR,XF
JAGUAR,XF
JAGUAR,XJ
JAGUAR,F-PACE
JAGUAR,F-TYPE
JAGUAR,XF
JAGUAR,E-PACE
JAGUAR,F-PACE
JAGUAR,XF
JAGUAR,DAIMLER DS420
JAGUAR,S TYPE
JAGUAR,XF
JAGUAR,XJ
JAGUAR,XF
JAGUAR,XJ
JAGUAR,I-PACE
JAGUAR,XE
JAGUAR,E-PACE
JAGUAR,XE
JAGUAR,F-PACE
JAGUAR,F-TYPE
JAGUAR,XJ
JAGUAR,F-TYPE
JAGUAR,E-PACE
JAGUAR,XJ
JAGUAR,F-TYPE
JAGUAR,S TYPE
JAGUAR,XF
JAGUAR,XF
JAGUAR,XJ
JAGUAR,I-PACE
JAGUAR,XF
JAGUAR,F-TYPE
JAGUAR,XJ
JAGUAR,XK
JAGUAR,X TYPE
JAGUAR,XF
JAGUAR,XFR
JAGUAR,XJ
JAGUAR,XK
JAGUAR,F-TYPE
JAGUAR,XE
JAGUAR,F-PACE
JAGUAR,F-TYPE
JAGUAR,E-PACE
JAGUAR,XJ
JAGUAR,F-PACE
JAGUAR,XK8
JAGUAR,XK
JAGUAR,XJ
JAGUAR,XJ
JAGUAR,F-TYPE
JAGUAR,XF
JAGUAR,XE
JAGUAR,XE
JEEP,GRAND CHEROKEE
JEEP,COMPASS
JEEP,CHEROKEE
JEEP,GRAND CHEROKEE L
JEEP,GLADIATOR
JEEP,WRANGLER
JEEP,WRANGLER
JEEP,GRAND CHEROKEE
JEEP,WRANGLER UNLIMITED
JEEP,CHEROKEE
JEEP,GRAND CHEROKEE
JEEP,WRANGLER
JEEP,WRANGLER
JEEP,WRANGLER
JEEP,COMMANDER
JEEP,COMPASS
JEEP,WRANGLER UNLIMITED
JEEP,GRAND CHEROKEE
JEEP,WRANGLER
JEEP,WRANGLER UNLIMITED
JEEP,GRAND CHEROKEE
JEEP,WRANGLER
JEEP,RENEGADE
JEEP,GRAND CHEROKEE
JEEP,WRANGLER
JEEP,WRANGLER UNLIMITED
JEEP,GRAND CHEROKEE
JEEP,COMPASS
JEEP,WRANGLER UNLIMITED
JEEP,WRANGLER
JEEP,GRAND CHEROKEE
JEEP,GRAND CHEROKEE
JEEP,GRAND CHEROKEE
JEEP,GRAND CHEROKEE
JEEP,WRANGLER
JEEP,GRAND CHEROKEE
JEEP,GRAND CHEROKEE
JEEP,WRANGLER UNLIMITED
JEEP,WRANGLER
JEEP,GRAND CHEROKEE
JEEP,WRANGLER UNLIMITED
JEEP,COMPASS
JEEP,RENEGADE
JEEP,WRANGLER
JEEP,WRANGLER
JEEP,GRAND CHEROKEE
JEEP,COMPASS
JEEP,GRAND CHEROKEE
JEEP,WRANGLER
JEEP,GLADIATOR
JEEP,GRAND WAGONEER
JEEP,CHEROKEE
JEEP,PATRIOT
JEEP,WRANGLER
JEEP,GRAND CHEROKEE
JEEP,WRANGLER UNLIMITED
JEEP,WRANGLER UNLIMITED
JEEP,RENEGADE
JEEP,RENEGADE
JEEP,GLADIATOR
JEEP,WRANGLER UNLIMITED
JEEP,WRANGLER UNLIMITED
JEEP,WRANGLER
JEEP,RENEGADE
JEEP,RENEGADE
JEEP,WRANGLER
JEEP,WRANGLER UNLIMITED
JEEP,WRANGLER UNLIMITED
JEEP,WRANGLER UNLIMITED
JEEP,GRAND CHEROKEE L
JEEP,GRAND CHEROKEE
JEEP,GRAND CHEROKEE L
JEEP,WAGONEER
JEEP,WRANGLER
JEEP,GRAND CHEROKEE
JEEP,GRAND CHEROKEE
JEEP,GRAND CHEROKEE
JEEP,GLADIATOR
JEEP,CHEROKEE
JEEP,GRAND CHEROKEE
JEEP,GRAND CHEROKEE
JEEP,WRANGLER
JEEP,GRAND CHEROKEE
JEEP,COMPASS
JEEP,WRANGLER UNLIMITED
JEEP,RENEGADE
JEEP,GRAND WAGONEER L
JEEP,CHEROKEE
JEEP,WRANGLER
JEEP,CHEROKEE
JEEP,WRANGLER
JEEP,COMMANDER
JEEP,PATRIOT
JEEP,GRAND CHEROKEE
JEEP,WRANGLER UNLIMITED
JEEP,WRANGLER
JEEP,WRANGLER
JEEP,WRANGLER
JEEP,COMMANDER
JEEP,GRAND CHEROKEE
JEEP,WRANGLER
JEEP,WRANGLER UNLIMITED
JEEP,GRAND CHEROKEE L
JEEP,WRANGLER
JEEP,CHEROKEE
JEEP,WRANGLER
JEEP,CHEROKEE
JEEP,COMMANDER
JEEP,GRAND CHEROKEE
JEEP,WRANGLER
JEEP,GRAND CHEROKEE
JEEP,WRANGLER UNLIMITED
JEEP,CHEROKEE
JEEP,GRAND CHEROKEE
JEEP,GRAND CHEROKEE
JEEP,COMPASS
JEEP,RENEGADE
JEEP,GRAND CHEROKEE
JEEP,WRANGLER
JEEP,CHEROKEE
JEEP,WRANGLER UNLIMITED
JEEP,WRANGLER
JEEP,WRANGLER
JEEP,GRAND CHEROKEE
JEEP,WRANGLER UNLIMITED
JEEP,WRANGLER UNLIMITED
JEEP,RENEGADE
JEEP,RENEGADE
JEEP,CHEROKEE
JEEP,GRAND CHEROKEE
JEEP,COMMANDER
JEEP,PATRIOT
JEEP,GRAND CHEROKEE
JEEP,WRANGLER
JEEP,GRAND CHEROKEE
JEEP,GRAND CHEROKEE
JEEP,GRAND CHEROKEE
JEEP,WRANGLER UNLIMITED
JEEP,GRAND CHEROKEE
JEEP,WRANGLER UNLIMITED
JEEP,WRANGLER UNLIMITED
JEEP,GRAND CHEROKEE
JEEP,WRANGLER
JEEP,WRANGLER
JEEP,WRANGLER UNLIMITED
JEEP,WRANGLER UNLIMITED
JEEP,GLADIATOR
JEEP,WRANGLER
JEEP,WRANGLER UNLIMITED
JETOUR,X70
JETOUR,X90 PLUS
JETOUR,X90
JETOUR,X70
JETOUR,X70S
JETOUR,DASHING
KAIYI,X3 PRO
KIA,OPRIUS
KIA,SORENTO
KIA,RIO
KIA,CADENZA
KIA,SORENTO
KIA,PICANTO
KIA,SELTOS
KIA,SELTOS
KIA,PEGAS
KIA,K8
KIA,RIO
KIA,OPTIMA
KIA,SOUL
KIA,SORENTO
KIA,CERATO
KIA,CERATO
KIA,OPTIMA
KIA,OPRIUS
KIA,CARENS
KIA,CERATO
KIA,CARENS
KIA,SEDONA
KIA,K5
KIA,SPORTAGE
KIA,GRAND CARNIVAL
KIA,K8
KIA,K8
KIA,OPTIMA
KIA,SOUL
KIA,STINGER
KIA,TELLURIDE
KIA,TELLURIDE
KIA,SONET
KIA,NIRO
KIA,OPTIMA
KIA,SPORTAGE
KIA,CERATO
KIA,CARNIVAL
KIA,OPTIMA
KIA,CARENS
KIA,TELLURIDE
KIA,SELTOS
KIA,K5
KIA,SORENTO
KIA,CARENS
KIA,OPTIMA
KIA,SOUL
KIA,CADENZA
KIA,CERATO
KIA,SORENTO
KIA,SORENTO
KIA,CARNIVAL
KIA,CERATO KOUP
KIA,OPTIMA
KIA,STINGER
KIA,SONET
KIA,RIO
KIA,PICANTO
KIA,K900
KIA,K5
KIA,SPORTAGE
KIA,CERATO
KIA,CERATO
KIA,CERATO
KIA,SPORTAGE
KIA,CADENZA
KIA,PEGAS
KIA,PEGAS
KIA,GRAND CARNIVAL
KIA,SOUL
KIA,FORTE
KIA,CERATO
KIA,PICANTO
KIA,RIO
KIA,MOHAVE
KIA,SORENTO
KIA,CARENS
KIA,CERATO KOUP
KIA,QUORIS
KIA,PICANTO
KIA,CERATO
KIA,OPTIMA
KIA,CARNIVAL
KIA,CADENZA
KIA,SPORTAGE
KIA,SPORTAGE
KIA,PEGAS
KIA,SPORTAGE
KIA,OPTIMA
KIA,GRAND CARNIVAL
KIA,CARNIVAL
KIA,CARENS
KIA,MOHAVE
KIA,SPORTAGE
KIA,QUORIS
KIA,CARENS
KIA,SOUL
KIA,SEDONA
KIA,K5
KIA,RIO
KIA,K5
KING LONG,KING LONG
KOENIGSEGG,REGERA
KTM,X-BOW
LAMBORGHINI,MURCIELAGO
LAMBORGHINI,GALLARDO
LAMBORGHINI,AVENTADOR
LAMBORGHINI,HURACAN
LAMBORGHINI,HURACAN
LAMBORGHINI,AVENTADOR
LAMBORGHINI,HURACAN
LAMBORGHINI,AVENTADOR
LAMBORGHINI,MURCIELAGO
LAMBORGHINI,AVENTADOR
LAMBORGHINI,GALLARDO
LAMBORGHINI,GALLARDO
LAMBORGHINI,GALLARDO
LAMBORGHINI,HURACAN
LAMBORGHINI,URUS
LAMBORGHINI,DIABLO
LAMBORGHINI,MURCIELAGO
LAMBORGHINI,GALLARDO
LAMBORGHINI,MURCIELAGO
LAMBORGHINI,GALLARDO
LAMBORGHINI,AVENTADOR
LAMBORGHINI,HURACAN
LAMBORGHINI,HURACAN
LAMBORGHINI,AVENTADOR
LAMBORGHINI,HURACAN
LAMBORGHINI,AVENTADOR
LAMBORGHINI,URUS
LANCIA,DELTA
LAND ROVER,RANGE ROVER
LAND ROVER,LR3
LAND ROVER,RANGE ROVER SPORT
LAND ROVER,LR2
LAND ROVER,RANGE ROVER SPORT
LAND ROVER,RANGE ROVER EVOQUE
LAND ROVER,RANGE ROVER EVOQUE
LAND ROVER,RANGE ROVER SPORT
LAND ROVER,DEFENDER 110
LAND ROVER,DEFENDER 110
LAND ROVER,DEFENDER 110
LAND ROVER,DEFENDER 90
LAND ROVER,RANGE ROVER
LAND ROVER,RANGE ROVER SPORT
LAND ROVER,RANGE ROVER EVOQUE
LAND ROVER,RANGE ROVER
LAND ROVER,RANGE ROVER
LAND ROVER,DEFENDER 90
LAND ROVER,RANGE ROVER SPORT
LAND ROVER,RANGE ROVER EVOQUE
LAND ROVER,RANGE ROVER
LAND ROVER,DISCOVERY
LAND ROVER,DEFENDER 90
LAND ROVER,DEFENDER 90
LAND ROVER,DISCOVERY SPORT
LAND ROVER,DISCOVERY SPORT
LAND ROVER,RANGE ROVER VELAR
LAND ROVER,DEFENDER 110
LAND ROVER,RANGE ROVER SPORT
LAND ROVER,DEFENDER 90
LAND ROVER,RANGE ROVER
LAND ROVER,LR4
LAND ROVER,RANGE ROVER
LAND ROVER,RANGE ROVER EVOQUE
LAND ROVER,RANGE ROVER VELAR
LAND ROVER,RANGE ROVER VELAR
LAND ROVER,DEFENDER 90
LAND ROVER,RANGE ROVER
LAND ROVER,RANGE ROVER
LAND ROVER,DEFENDER 110
LAND ROVER,DEFENDER 110
LAND ROVER,RANGE ROVER EVOQUE
LAND ROVER,DISCOVERY
LAND ROVER,DISCOVERY
LAND ROVER,RANGE ROVER SPORT
LAND ROVER,DISCOVERY
LAND ROVER,RANGE ROVER EVOQUE
LAND ROVER,RANGE ROVER EVOQUE
LAND ROVER,RANGE ROVER
LAND ROVER,DEFENDER 90
LAND ROVER,RANGE ROVER
LAND ROVER,RANGE ROVER
LAND ROVER,LR4
LAND ROVER,RANGE ROVER SPORT
LAND ROVER,RANGE ROVER
LAND ROVER,RANGE ROVER EVOQUE
LAND ROVER,DEFENDER 110
LAND ROVER,RANGE ROVER
LAND ROVER,RANGE ROVER VELAR
LAND ROVER,RANGE ROVER VELAR
LAND ROVER,RANGE ROVER
LAND ROVER,RANGE ROVER
LAND ROVER,DEFENDER 90
LAND ROVER,FREELANDER
LAND ROVER,DISCOVERY
LAND ROVER,LR2
LAND ROVER,RANGE ROVER SPORT
LAND ROVER,RANGE ROVER EVOQUE
LAND ROVER,RANGE ROVER VELAR
LAND ROVER,RANGE ROVER
LAND ROVER,RANGE ROVER
LAND ROVER,DEFENDER
LAND ROVER,RANGE ROVER
LAND ROVER,RANGE ROVER SPORT
LAND ROVER,LR4
LAND ROVER,RANGE ROVER EVOQUE
LAND ROVER,RANGE ROVER SPORT
LAND ROVER,RANGE ROVER SPORT
LAND ROVER,RANGE ROVER
LAND ROVER,DEFENDER 90
LAND ROVER,RANGE ROVER VELAR
LAND ROVER,NEW RANGE ROVER EVOQUE
LAND ROVER,RANGE ROVER
LAND ROVER,RANGE ROVER VELAR
LAND ROVER,DEFENDER
LAND ROVER,DISCOVERY SPORT
LAND ROVER,RANGE ROVER VELAR
LAND ROVER,DEFENDER
LAND ROVER,RANGE ROVER SPORT
LAND ROVER,RANGE ROVER
LAND ROVER,RANGE ROVER
LAND ROVER,DISCOVERY SPORT
LAND ROVER,RANGE ROVER EVOQUE
LAND ROVER,DEFENDER 110
LAND ROVER,RANGE ROVER EVOQUE
LAND ROVER,RANGE ROVER EVOQUE
LAND ROVER,RANGE ROVER SPORT
LAND ROVER,RANGE ROVER EVOQUE
LAND ROVER,RANGE ROVER VELAR
LAND ROVER,RANGE ROVER VELAR
LAND ROVER,RANGE ROVER SPORT
LAND ROVER,RANGE ROVER
LAND ROVER,DISCOVERY SPORT
LAND ROVER,DEFENDER 130
LAND ROVER,DEFENDER 130
LAND ROVER,DEFENDER 110
LAND ROVER,DEFENDER 110
LAND ROVER,RANGE ROVER
LAND ROVER,LR3
LAND ROVER,RANGE ROVER SPORT
LAND ROVER,LR4
LAND ROVER,RANGE ROVER
LAND ROVER,DEFENDER 110
LAND ROVER,DEFENDER 90
LAND ROVER,RANGE ROVER SPORT
LAND ROVER,DISCOVERY
LAND ROVER,RANGE ROVER VELAR
LAND ROVER,DISCOVERY
LAND ROVER,NEW RANGE ROVER EVOQUE
LEAPMOTORS,C11
LEXUS,LX470
LEXUS,ES300
LEXUS,RX300
LEXUS,ES300
LEXUS,IS300
LEXUS,ES350
LEXUS,RX330
LEXUS,LX470
LEXUS,IS300C
LEXUS,RX350
LEXUS,CT200H
LEXUS,ES250
LEXUS,GS460
LEXUS,RX350
LEXUS,NX300
LEXUS,RX450H
LEXUS,IS350
LEXUS,RC350
LEXUS,LS500h
LEXUS,RC350
LEXUS,NX200T
LEXUS,RC300
LEXUS,GS450h
LEXUS,ES300
LEXUS,IS300
LEXUS,RX350H
LEXUS,GS300
LEXUS,IS300
LEXUS,GS300
LEXUS,GS430
LEXUS,ES350
LEXUS,SC430
LEXUS,RX330
LEXUS,RX330
LEXUS,RX350
LEXUS,RX350
LEXUS,RX350
LEXUS,IS300C
LEXUS,LX570
LEXUS,LS600h
LEXUS,GS250
LEXUS,LX570
LEXUS,LC500
LEXUS,LS500
LEXUS,ES300 H
LEXUS,LX 25
LEXUS,LX570
LEXUS,RX450h L
LEXUS,UX200
LEXUS,RC350
LEXUS,NX200T
LEXUS,IS200T
LEXUS,LS460
LEXUS,LS600h
LEXUS,IS250
LEXUS,IS300
LEXUS,RX350
LEXUS,IS300
LEXUS,RX350
LEXUS,LS460
LEXUS,ES350
LEXUS,RX350
LEXUS,RX350
LEXUS,LX570
LEXUS,LX570
LEXUS,IS300C
LEXUS,LFA
LEXUS,GX460
LEXUS,LX570
LEXUS,NX350
LEXUS,ES300
LEXUS,RC350
LEXUS,LS460
LEXUS,LC500
LEXUS,LX570
LEXUS,ES 350 F
LEXUS,LX570
LEXUS,ES250
LEXUS,RC350
LEXUS,IS350
LEXUS,ES300
LEXUS,ES300
LEXUS,LS460
LEXUS,LS460
LEXUS,RX350
LEXUS,RX350
LEXUS,GS460
LEXUS,GX460
LEXUS,GX460
LEXUS,ES250
LEXUS,ES300 H
LEXUS,LS500
LEXUS,LS500
LEXUS,UX200
LEXUS,ES300 H
LEXUS,LX570
LEXUS,RC F
LEXUS,GS250
LEXUS,GX460
LEXUS,IS250
LEXUS,RX350
LEXUS,NX 350h
LEXUS,ES350
LEXUS,LS430
LEXUS,GS300
LEXUS,LS430
LEXUS,ES350
LEXUS,LS460
LEXUS,LS460
LEXUS,LS600h
LEXUS,ES350
LEXUS,GX460
LEXUS,IS F
LEXUS,GS350
LEXUS,IS350
LEXUS,CT200H
LEXUS,RX350 L
LEXUS,RX450H
LEXUS,LX600
LEXUS,LS460
LEXUS,NX200T
LEXUS,GS F
LEXUS,GS200T
LEXUS,RX500H
LEXUS,RX350
LEXUS,RX350
LEXUS,IS300
LEXUS,LS460
LEXUS,LX570
LEXUS,LX570
LEXUS,GS250
LEXUS,GS350
LEXUS,ES250
LEXUS,RC200T
LEXUS,IS300
LEXUS,UX200
LEXUS,NX350
LEXUS,LX570
LEXUS,IS350
LEXUS,ES250
LEXUS,LS500h
LEXUS,GS200T
LEXUS,RC 350
LEXUS,IS250
LEXUS,ES350
LEXUS,LS460
LEXUS,LX570
LEXUS,IS250
LEXUS,IS300C
LEXUS,GX460
LEXUS,IS300
LEXUS,LX570
LEXUS,LX570
LEXUS,IS350
LEXUS,IS350
LEXUS,ES350
LEXUS,RX350
LEXUS,GS300
LEXUS,LC500H
LEXUS,ES350
LEXUS,LX570
LEXUS,RX450H
LEXUS,LC500
LEXUS,NX350
LEXUS,LS350
LEXUS,LX570
LEXUS,LX570
LEXUS,RC200T
LEXUS,GX460
LEXUS,NX200T
LEXUS,IS200T
LEXUS,LX600
LEXUS,GS F
LEXUS,IS300
LEXUS,IS300C
LEXUS,LS600h
LEXUS,ES350
LEXUS,ES350
LEXUS,LS460
LEXUS,IS250
LEXUS,LX570
LEXUS,CT200H
LEXUS,GS250
LEXUS,GS350
LEXUS,RX450H
LEXUS,GS450h
LEXUS,GS350
LEXUS,RX450H
LEXUS,IS300
LEXUS,LX570
LEXUS,NX 350h
LEXUS,LX600
LEXUS,LX600
LEXUS,NX300
LEXUS,NX300
LEXUS,GS350
LEXUS,RX450h L
LEXUS,RC300
LEXUS,LX 25
LEXUS,LS500h
LEXUS,RC F
LEXUS,IS200T
LEXUS,LX600
LEXUS,LX600
LIFAN,X50
LIFAN,X50
LINCOLN,NAVIGATOR
LINCOLN,MKX
LINCOLN,AVIATOR
LINCOLN,NAVIGATOR
LINCOLN,CONTINENTAL
LINCOLN,MKC
LINCOLN,MKX
LINCOLN,MK-T
LINCOLN,MKC
LINCOLN,TOWN CAR
LINCOLN,MKZ
LINCOLN,CORSAIR
LINCOLN,CORSAIR
LINCOLN,NAVIGATOR  EL
LINCOLN,TOWN CAR
LINCOLN,MKZ
LINCOLN,NAVIGATOR
LINCOLN,AVIATOR
LINCOLN,NAUTILUS
LINCOLN,NAVIGATOR
LINCOLN,MKZ
LINCOLN,MKC
LINCOLN,MKX
LINCOLN,MKS
LINCOLN,NAVIGATOR  EL
LINCOLN,NAVIGATOR
LINCOLN,MK-T
LINCOLN,NAVIGATOR
LINCOLN,MKZ
LINCOLN,CONTINENTAL
LINCOLN,CONTINENTAL
LINCOLN,CONTINENTAL
LINCOLN,NAUTILUS
LINCOLN,MKX
LINCOLN,NAVIGATOR
LINCOLN,NAVIGATOR
LINCOLN,TOWN CAR
LINCOLN,MKS
LINCOLN,NAUTILUS
LINCOLN,MKX
LINCOLN,MKX
LINCOLN,MKX
LINCOLN,CONTINENTAL
LOTUS,ELISE
LOTUS,EXIGE
LOTUS,EVORA
LOTUS,EXIGE
LOTUS,EXIGE
LOTUS,EVORA
LOTUS,EXIGE
LOTUS,EVORA
LOTUS,EMIRA
LOTUS,EVORA
LOTUS,EXIGE
LOTUS,EVORA
LOTUS,EXIGE
LOTUS,ESPIRT
LOTUS,EXIGE
LOTUS,EXIGE
LUXGEN,U7
LUXGEN,7
LUXGEN,M7
LUXGEN,U6
LUXGEN,S5
LYKAN,HYPERSPORT
MAHINDRA,XUV 500
MAHINDRA,PICK UP
MAHINDRA,PICK UP
MAHINDRA,XUV 500
MAHINDRA,PICK UP
MAHINDRA,XUV 500
MASERATI,QUATTROPORTE
MASERATI,GRANCABRIO
MASERATI,GRAN TURISMO
MASERATI,LEVANTE
MASERATI,LEVANTE
MASERATI,GHIBLI
MASERATI,GRECALE
MASERATI,GHIBLI
MASERATI,GRAN TURISMO
MASERATI,GHIBLI
MASERATI,QUATTROPORTE
MASERATI,GRAN TURISMO
MASERATI,GRANCABRIO
MASERATI,GRANCABRIO
MASERATI,QUATTROPORTE
MASERATI,3200 GT
MASERATI,4200 GT
MASERATI,GRAN TURISMO
MASERATI,LEVANTE
MASERATI,LEVANTE
MASERATI,LEVANTE
MASERATI,LEVANTE
MASERATI,GRANSPORT
MASERATI,GRAN TURISMO
MASERATI,GHIBLI
MASERATI,MC20
MASERATI,LEVANTE
MASERATI,QUATTROPORTE
MASERATI,GRANCABRIO
MASERATI,GHIBLI
MASERATI,SPIDER
MASERATI,QUATTROPORTE
MASERATI,QUATTROPORTE
MASERATI,GHIBLI
MASERATI,GRAN TURISMO
MASERATI,GRANCABRIO
MASERATI,QUATTROPORTE
MASERATI,SPIDER F1
MASERATI,GHIBLI
MASERATI,GHIBLI
MASERATI,GRECALE
MASERATI,QUATTROPORTE
MASERATI,LEVANTE
MASERATI,LEVANTE
MASERATI,GRECALE
MASERATI,QUATTROPORTE
MAXUS,G10
MAXUS,D90
MAXUS,D90
MAXUS,D60
MAXUS,V80
MAXUS,D90
MAXUS,G20
MAXUS,G50
MAXUS,T60
MAYBACH,62
MAYBACH,57
MAYBACH,57 S
MAYBACH,62 S
MAZDA,3 SPORT
MAZDA,6
MAZDA,6
MAZDA,CX-3
MAZDA,3
MAZDA,CX-3
MAZDA,3
MAZDA,6
MAZDA,MX-5
MAZDA,6 ULTRA
MAZDA,BT-50
MAZDA,CX-5
MAZDA,CX-5
MAZDA,CX-30
MAZDA,CX-5
MAZDA,3
MAZDA,3
MAZDA,3
MAZDA,CX-9
MAZDA,CX-9
MAZDA,BT-50
MAZDA,2
MAZDA,CX-5
MAZDA,CX-30
MAZDA,3
MAZDA,CX-5
MAZDA,6
MAZDA,RX-7
MAZDA,CX-7
MAZDA,CX-9
MAZDA,CX-3
MAZDA,6
MAZDA,6 ULTRA
MAZDA,CX-7
MAZDA,3
MAZDA,3
MAZDA,CX-9
MAZDA,6
MAZDA,CX-3
MAZDA,2
MAZDA,CX-30
MAZDA,CX-9
MAZDA,626
MAZDA,CX-9
MAZDA,6
MAZDA,6
MAZDA,3
MAZDA,2
MAZDA,MX-5
MAZDA,3
MAZDA,MX-30
MAZDA,CX-9
MAZDA,CX-30
MCLAREN,SLR
MCLAREN,570S
MCLAREN,GT
MCLAREN,SLR
MCLAREN,MP4 12C
MCLAREN,765LT
MCLAREN,600LT
MCLAREN,650S
MCLAREN,P1
MCLAREN,MP4 12C
MCLAREN,675LT
MCLAREN,P1
MCLAREN,650S
MCLAREN,620R
MCLAREN,765LT
MCLAREN,600LT
MCLAREN,GT
MCLAREN,570S
MCLAREN,540C
MCLAREN,720S
MCLAREN,720S
MCLAREN,570GT
MCLAREN,ARTURA
MCLAREN,SLR
MCLAREN,SLR
MCLAREN,720S
MCLAREN,SENNA
MERCEDES BENZ,ML350
MERCEDES BENZ,ML320
MERCEDES BENZ,E320
MERCEDES BENZ,B150
MERCEDES BENZ,C180 K
MERCEDES BENZ,C230
MERCEDES BENZ,E350
MERCEDES BENZ,SL500
MERCEDES BENZ,CLK500
MERCEDES BENZ,C63 AMG
MERCEDES BENZ,CLK350
MERCEDES BENZ,GLK350
MERCEDES BENZ,GL450
MERCEDES BENZ,SLK280
MERCEDES BENZ,SLR MCLAREN
MERCEDES BENZ,CLS280
MERCEDES BENZ,CLC200K
MERCEDES BENZ,E350
MERCEDES BENZ,SLS AMG
MERCEDES BENZ,S400
MERCEDES BENZ,C350
MERCEDES BENZ,CLS500
MERCEDES BENZ,BRABUS
MERCEDES BENZ,CLS63 AMG
MERCEDES BENZ,E300
MERCEDES BENZ,CLS350
MERCEDES BENZ,CLA35 AMG
MERCEDES BENZ,G63 AMG
MERCEDES BENZ,CLA45 AMG
MERCEDES BENZ,AMG GT
MERCEDES BENZ,GLS63 AMG
MERCEDES BENZ,S560
MERCEDES BENZ,GLC63 AMG
MERCEDES BENZ,E53 AMG
MERCEDES BENZ,GLB250
MERCEDES BENZ,EQC 400 4M
MERCEDES BENZ,EQA 350 4M
MERCEDES BENZ,S500
MERCEDES BENZ,CLA200
MERCEDES BENZ,E200
MERCEDES BENZ,SMART
MERCEDES BENZ,GLB200
MERCEDES BENZ,C250
MERCEDES BENZ,C250
MERCEDES BENZ,GLE400
MERCEDES BENZ,G500
MERCEDES BENZ,CLS400
MERCEDES BENZ,GLC250
MERCEDES BENZ,GLE500
MERCEDES BENZ,S500
MERCEDES BENZ,ML400
MERCEDES BENZ,G63 AMG
MERCEDES BENZ,CLA250
MERCEDES BENZ,E200
MERCEDES BENZ,EQV 300
MERCEDES BENZ,CLA35 AMG
MERCEDES BENZ,SL320
MERCEDES BENZ,560SL
MERCEDES BENZ,E55 AMG
MERCEDES BENZ,E500
MERCEDES BENZ,S280
MERCEDES BENZ,S63 AMG
MERCEDES BENZ,C200 K
MERCEDES BENZ,B200
MERCEDES BENZ,E280
MERCEDES BENZ,E350
MERCEDES BENZ,C300
MERCEDES BENZ,CLC230 K
MERCEDES BENZ,C280
MERCEDES BENZ,CLS320 CDI
MERCEDES BENZ,ML320 CDI
MERCEDES BENZ,E500
MERCEDES BENZ,CLS300
MERCEDES BENZ,S300
MERCEDES BENZ,ML550
MERCEDES BENZ,C180
MERCEDES BENZ,C300
MERCEDES BENZ,GLA200
MERCEDES BENZ,E200
MERCEDES BENZ,GLS 600
MERCEDES BENZ,S680
MERCEDES BENZ,C43 AMG
MERCEDES BENZ,A250
MERCEDES BENZ,S63 AMG
MERCEDES BENZ,SL400
MERCEDES BENZ,AMG GT
MERCEDES BENZ,A45
MERCEDES BENZ,GLS500
MERCEDES BENZ,GLE400
MERCEDES BENZ,V250
MERCEDES BENZ,BRABUS
MERCEDES BENZ,CLA45 AMG
MERCEDES BENZ,C350
MERCEDES BENZ,C450 AMG
MERCEDES BENZ,AMG GT
MERCEDES BENZ,V250
MERCEDES BENZ,EQS 53 AMG
MERCEDES BENZ,C220
MERCEDES BENZ,350SL
MERCEDES BENZ,G63 AMG
MERCEDES BENZ,G500
MERCEDES BENZ,C240
MERCEDES BENZ,ML430
MERCEDES BENZ,A160
MERCEDES BENZ,CLK230 K
MERCEDES BENZ,SL55 AMG
MERCEDES BENZ,C180 K
MERCEDES BENZ,E500
MERCEDES BENZ,S500
MERCEDES BENZ,E230
MERCEDES BENZ,GL500
MERCEDES BENZ,CLC350
MERCEDES BENZ,B160
MERCEDES BENZ,R63 AMG
MERCEDES BENZ,CLC220 CDI
MERCEDES BENZ,VIANO
MERCEDES BENZ,E300
MERCEDES BENZ,E300
MERCEDES BENZ,R300L
MERCEDES BENZ,CLC250
MERCEDES BENZ,C200
MERCEDES BENZ,E250
MERCEDES BENZ,GL450
MERCEDES BENZ,ML400
MERCEDES BENZ,GLA250
MERCEDES BENZ,AMG GT
MERCEDES BENZ,CLS53 AMG
MERCEDES BENZ,SPRINTER
MERCEDES BENZ,GLE450
MERCEDES BENZ,GLE450
MERCEDES BENZ,GLB200
MERCEDES BENZ,S450 L
MERCEDES BENZ,A250
MERCEDES BENZ,BRABUS
MERCEDES BENZ,A45
MERCEDES BENZ,AMG GT
MERCEDES BENZ,S600
MERCEDES BENZ,GLS63 AMG
MERCEDES BENZ,GLE450
MERCEDES BENZ,G300 CDI
MERCEDES BENZ,CLS350
MERCEDES BENZ,GL500
MERCEDES BENZ,SL380
MERCEDES BENZ,500
MERCEDES BENZ,SLC350
MERCEDES BENZ,C200
MERCEDES BENZ,C320
MERCEDES BENZ,ML55
MERCEDES BENZ,CL600
MERCEDES BENZ,B170
MERCEDES BENZ,C180 K
MERCEDES BENZ,S500
MERCEDES BENZ,SL350
MERCEDES BENZ,SL600
MERCEDES BENZ,SL65 AMG
MERCEDES BENZ,VIANO
MERCEDES BENZ,CLK240
MERCEDES BENZ,E280
MERCEDES BENZ,CLK55 AMG
MERCEDES BENZ,CLK63 AMG
MERCEDES BENZ,SLK320
MERCEDES BENZ,R500
MERCEDES BENZ,B180
MERCEDES BENZ,SL280
MERCEDES BENZ,R500 L
MERCEDES BENZ,S500
MERCEDES BENZ,CL500
MERCEDES BENZ,E250
MERCEDES BENZ,E300
MERCEDES BENZ,SLK300
MERCEDES BENZ,C63 AMG
MERCEDES BENZ,C63 AMG
MERCEDES BENZ,GLC300
MERCEDES BENZ,AMG GT
MERCEDES BENZ,S450
MERCEDES BENZ,A45
MERCEDES BENZ,CLA250
MERCEDES BENZ,S500 L
MERCEDES BENZ,E500
MERCEDES BENZ,CLS63 AMG
MERCEDES BENZ,GLS450
MERCEDES BENZ,S560 L
MERCEDES BENZ,SLS AMG
MERCEDES BENZ,S400 HYBRID
MERCEDES BENZ,A250
MERCEDES BENZ,C350
MERCEDES BENZ,GLA45 AMG
MERCEDES BENZ,CLS400
MERCEDES BENZ,G500 BRABUS
MERCEDES BENZ,E450
MERCEDES BENZ,E400
MERCEDES BENZ,SLR MCLAREN
MERCEDES BENZ,560
MERCEDES BENZ,G320
MERCEDES BENZ,560
MERCEDES BENZ,300
MERCEDES BENZ,SLK230
MERCEDES BENZ,CL55 AMG
MERCEDES BENZ,S350
MERCEDES BENZ,CL65 AMG
MERCEDES BENZ,CLS500
MERCEDES BENZ,CLS63 AMG
MERCEDES BENZ,E200
MERCEDES BENZ,ML63 AMG
MERCEDES BENZ,S550
MERCEDES BENZ,C160 K
MERCEDES BENZ,SL63 AMG
MERCEDES BENZ,SLK350
MERCEDES BENZ,C200
MERCEDES BENZ,SL300
MERCEDES BENZ,E300
MERCEDES BENZ,GLK300
MERCEDES BENZ,S300
MERCEDES BENZ,E 550
MERCEDES BENZ,E200
MERCEDES BENZ,GLE43 AMG
MERCEDES BENZ,GLA200
MERCEDES BENZ,GLA 35 AMG
MERCEDES BENZ,GLA250
MERCEDES BENZ,GLC250
MERCEDES BENZ,SLC200
MERCEDES BENZ,V250
MERCEDES BENZ,VITO
MERCEDES BENZ,VIANO
MERCEDES BENZ,E300
MERCEDES BENZ,GLK 250
MERCEDES BENZ,CLS350
MERCEDES BENZ,C300
MERCEDES BENZ,S63 AMG
MERCEDES BENZ,CLA250
MERCEDES BENZ,S500
MERCEDES BENZ,E43 AMG
MERCEDES BENZ,GLA250
MERCEDES BENZ,GL400
MERCEDES BENZ,CLA45 AMG
MERCEDES BENZ,S580 L
MERCEDES BENZ,EQE 350
MERCEDES BENZ,EQE 350
MERCEDES BENZ,EQS 450 PLUS
MERCEDES BENZ,300SL
MERCEDES BENZ,S600
MERCEDES BENZ,C180
MERCEDES BENZ,S320
MERCEDES BENZ,SLK230 K
MERCEDES BENZ,S65 AMG
MERCEDES BENZ,S350
MERCEDES BENZ,CLK200 K
MERCEDES BENZ,SLK200
MERCEDES BENZ,CLS55 AMG
MERCEDES BENZ,ML400 CDI
MERCEDES BENZ,CLK280
MERCEDES BENZ,SLR MCLAREN
MERCEDES BENZ,GLK350
MERCEDES BENZ,S600
MERCEDES BENZ,R350
MERCEDES BENZ,R350L
MERCEDES BENZ,CL550
MERCEDES BENZ,CLS550
MERCEDES BENZ,S600
MERCEDES BENZ,CLC180K
MERCEDES BENZ,VIANO
MERCEDES BENZ,GLK350
MERCEDES BENZ,SLK250
MERCEDES BENZ,C250
MERCEDES BENZ,G65 AMG
MERCEDES BENZ,GLE53 AMG
MERCEDES BENZ,G500
MERCEDES BENZ,CLA250
MERCEDES BENZ,E53 AMG
MERCEDES BENZ,GLS450
MERCEDES BENZ,A200
MERCEDES BENZ,GLS580
MERCEDES BENZ,SLC43 AMG
MERCEDES BENZ,C43 AMG
MERCEDES BENZ,CLA200
MERCEDES BENZ,CLS450
MERCEDES BENZ,E400
MERCEDES BENZ,C300
MERCEDES BENZ,CLS63 AMG
MERCEDES BENZ,G63 AMG
MERCEDES BENZ,S63 AMG
MERCEDES BENZ,G65 AMG
MERCEDES BENZ,C400
MERCEDES BENZ,B250 E
MERCEDES BENZ,GLA220
MERCEDES BENZ,E350 AMG
MERCEDES BENZ,CLK320 CDI
MERCEDES BENZ,GLK280
MERCEDES BENZ,GLE350
MERCEDES BENZ,ML400
MERCEDES BENZ,BRABUS
MERCEDES BENZ,GLC 43 AMG
MERCEDES BENZ,EQA 250
MERCEDES BENZ,SLC500
MERCEDES BENZ,C230
MERCEDES BENZ,180
MERCEDES BENZ,C450
MERCEDES BENZ,E350
MERCEDES BENZ,G500
MERCEDES BENZ,ML500
MERCEDES BENZ,CL500
MERCEDES BENZ,S320
MERCEDES BENZ,C200 K
MERCEDES BENZ,C230
MERCEDES BENZ,C280
MERCEDES BENZ,C350
MERCEDES BENZ,S350
MERCEDES BENZ,SLK350
MERCEDES BENZ,SLK55 AMG
MERCEDES BENZ,SLR MCLAREN
MERCEDES BENZ,C55 AMG
MERCEDES BENZ,CL63 AMG
MERCEDES BENZ,C200
MERCEDES BENZ,C300
MERCEDES BENZ,C200 K
MERCEDES BENZ,E350
MERCEDES BENZ,E250
MERCEDES BENZ,E250
MERCEDES BENZ,R300L
MERCEDES BENZ,C200
MERCEDES BENZ,C250
MERCEDES BENZ,G63 AMG
MERCEDES BENZ,GLC 43 AMG
MERCEDES BENZ,E63 AMG
MERCEDES BENZ,C200
MERCEDES BENZ,GLC200
MERCEDES BENZ,V250
MERCEDES BENZ,GLB 35
MERCEDES BENZ,A35 AMG
MERCEDES BENZ,SL350
MERCEDES BENZ,SPRINTER
MERCEDES BENZ,GL400
MERCEDES BENZ,C200
MERCEDES BENZ,S320
MERCEDES BENZ,C350
MERCEDES BENZ,E200
MERCEDES BENZ,AMG GT
MERCEDES BENZ,GLE450
MERCEDES BENZ,AMG GT
MERCEDES BENZ,SLC300
MERCEDES BENZ,VITO
MERCEDES BENZ,BRABUS
MERCEDES BENZ,SPRINTER
MERCEDES BENZ,GLA200
MERCEDES BENZ,G63 AMG
MERCEDES BENZ,300
MERCEDES BENZ,E420
MERCEDES BENZ,380SL
MERCEDES BENZ,G55 AMG
MERCEDES BENZ,CLK320
MERCEDES BENZ,E240
MERCEDES BENZ,SLK200 K
MERCEDES BENZ,S55 AMG
MERCEDES BENZ,B200
MERCEDES BENZ,C200 K
MERCEDES BENZ,C230 K
MERCEDES BENZ,S55 AMG
MERCEDES BENZ,C180 K
MERCEDES BENZ,E320
MERCEDES BENZ,ML350
MERCEDES BENZ,CLS350
MERCEDES BENZ,GLK280
MERCEDES BENZ,E63 AMG
MERCEDES BENZ,R280 L
MERCEDES BENZ,E280
MERCEDES BENZ,E500
MERCEDES BENZ,C200
MERCEDES BENZ,E200
MERCEDES BENZ,E250
MERCEDES BENZ,C250
MERCEDES BENZ,VIANO
MERCEDES BENZ,GL63 AMG
MERCEDES BENZ,GLE63 AMG
MERCEDES BENZ,V250
MERCEDES BENZ,A200
MERCEDES BENZ,EQS 580 4M
MERCEDES BENZ,C63 AMG
MERCEDES BENZ,SLR MCLAREN
MERCEDES BENZ,S400
MERCEDES BENZ,S600
MERCEDES BENZ,SL500
MERCEDES BENZ,S650
MERCEDES BENZ,GLS400
MERCEDES BENZ,G350 D
MERCEDES BENZ,VITO
MERCEDES BENZ,V280
MERCEDES BENZ,S580 L
MERCEDES BENZ,SLS AMG
MERCEDES BENZ,EQB 350 4M
MERCEDES BENZ,SPRINTER
MERCEDES BENZ,450SL
MERCEDES BENZ,SL60 AMG
MERCEDES BENZ,EQE 300
MERCURY,SABLE
MERCURY,SABLE
MERCURY,MOUNTAINEER
MERCURY,MARINER
MERCURY,GRAND MARQUIS
MERCURY,MILAN
MG,350
MG,550
MG,5
MG,GS
MG,ZS
MG,GT
MG,ONE
MG,RX8
MG,RX8
MG,HS
MG,5
MG,T60
MG,RX8
MG,550
MG,5
MG,ZS EV
MG,360
MG,750
MG,RX5
MG,GT
MG,6
MG,ZS EV
MG,GT
MG,6
MG,360
MG,RX5
MG,RX8
MG,HS
MG,HS
MG,ONE
MG,RX8
MG,ZS MCE
MG,ZST
MG,RX5
MG,ZS EV
MG,GS
MG,GS
MG,6
MG,3
MG,350
MG,6
MG,RX5
MG,6
MG,ZS
MINI,COOPER S CLUBMAN
MINI,JOHN COOPER WORKS
MINI,COOPER S
MINI,COOPER COUNTRYMAN
MINI,COOPER
MINI,COOPER S
MINI,COOPER S
MINI,COOPER S COUNTRYMAN
MINI,COOPER COUNTRYMAN
MINI,COOPER
MINI,COOPER CLUBMAN
MINI,COOPER COUNTRYMAN
MINI,JOHN COOPER WORKS
MINI,COOPER S
MINI,COOPER S COUNTRYMAN
MINI,COOPER S
MINI,COOPER S COUNTRYMAN
MINI,COOPER ROADSTER
MINI,COOPER COUNTRYMAN
MINI,JOHN COOPER WORKS
MINI,COOPER
MINI,COOPER
MINI,COOPER
MINI,COOPER S COUNTRYMAN
MINI,JOHN COOPER WORKS
MINI,COOPER S
MINI,COOPER S
MINI,COOPER S ROADSTER
MINI,JOHN COOPER WORKS
MINI,COOPER S
MINI,COOPER S
MINI,JOHN COOPER WORKS
MINI,JOHN COOPER WORKS
MINI,COOPER S CLUBMAN
MINI,COOPER S COUNTRYMAN
MINI,COOPER
MINI,COOPER S
MINI,COOPER S COUNTRYMAN
MINI,COOPER
MITSUBISHI,PAJERO
MITSUBISHI,LANCER
MITSUBISHI,NATIVA
MITSUBISHI,PAJERO
MITSUBISHI,PAJERO IO
MITSUBISHI,L200
MITSUBISHI,CANTER
MITSUBISHI,L200
MITSUBISHI,ASX
MITSUBISHI,OUTLANDER
MITSUBISHI,PAJERO
MITSUBISHI,PAJERO
MITSUBISHI,PAJERO
MITSUBISHI,ECLIPSE CROSS
MITSUBISHI,PAJERO
MITSUBISHI,MONTERO SPORT
MITSUBISHI,ECLIPSE
MITSUBISHI,OUTLANDER
MITSUBISHI,LANCER
MITSUBISHI,GALANT
MITSUBISHI,PAJERO SPORT
MITSUBISHI,LANCER EX
MITSUBISHI,LANCER
MITSUBISHI,GALANT
MITSUBISHI,MAGNA
MITSUBISHI,PAJERO
MITSUBISHI,MIRAGE
MITSUBISHI,MIRAGE
MITSUBISHI,FORTIS
MITSUBISHI,XPANDER
MITSUBISHI,PAJERO
MITSUBISHI,FUSO ROSA
MITSUBISHI,OUTLANDER PHEV
MITSUBISHI,FUSO CANTER
MITSUBISHI,LANCER EX
MITSUBISHI,PAJERO
MITSUBISHI,LANCER EX
MITSUBISHI,LANCER
MITSUBISHI,LANCER
MITSUBISHI,PAJERO
MITSUBISHI,MIRAGE
MITSUBISHI,MONTERO SPORT
MITSUBISHI,XPANDER
MITSUBISHI,SPACESTAR
MITSUBISHI,LANCER
MITSUBISHI,PAJERO
MITSUBISHI,OUTLANDER
MITSUBISHI,LANCER
MITSUBISHI,OUTLANDER
MITSUBISHI,MIRAGE
MITSUBISHI,MONTERO SPORT
MITSUBISHI,ECLIPSE CROSS
MITSUBISHI,LANCER EX
MITSUBISHI,PAJERO
MITSUBISHI,L200
MITSUBISHI,ASX
MITSUBISHI,PAJERO
MITSUBISHI,LANCER
MITSUBISHI,GALANT
MITSUBISHI,ECLIPSE
MITSUBISHI,ASX
MITSUBISHI,ECLIPSE CROSS
MITSUBISHI,OUTLANDER PHEV
MITSUBISHI,PAJERO
MITSUBISHI,OUTLANDER
MITSUBISHI,XPANDER CROSS
MITSUBISHI,LANCER
MITSUBISHI,ECLIPSE
MITSUBISHI,ECLIPSE
MITSUBISHI,OUTLANDER
MITSUBISHI,PAJERO SPORT
MITSUBISHI,LANCER EX
MITSUBISHI,OUTLANDER
MITSUBISHI,LANCER
MITSUBISHI,GALANT
MITSUBISHI,PAJERO SPORT
MITSUBISHI,ASX
MITSUBISHI,MONTERO SPORT
MITSUBISHI,MONTERO SPORT
MITSUBISHI,L200
MITSUBISHI,ATTRAGE
MITSUBISHI,ECLIPSE
MITSUBISHI,GRANDIS
MITSUBISHI,OUTLANDER
MITSUBISHI,MIRAGE
MITSUBISHI,OUTLANDER
MITSUBISHI,OUTLANDER
MITSUBISHI,MIRAGE
MITSUBISHI,ATTRAGE
MITSUBISHI,PAJERO
MITSUBISHI,L200
MITSUBISHI,PAJERO
MITSUBISHI,PAJERO
MITSUBISHI,FORTIS
MITSUBISHI,PAJERO
MITSUBISHI,LANCER EX
MITSUBISHI,ATTRAGE
MITSUBISHI,ATTRAGE
MITSUBISHI,PAJERO
MITSUBISHI,CANTER
MITSUBISHI,MONTERO SPORT
MITSUBISHI,PAJERO
MITSUBISHI,PAJERO
MITSUBISHI,LANCER EX
MITSUBISHI,LANCER
MITSUBISHI,L200
MITSUBISHI,SPACESTAR
MORGAN,ROADSTER
MORGAN,PLUS 8
MORGAN,3 WHEELER
MORGAN,4-Apr
MORGAN,PLUS 4
MORGAN,AERO
MORGAN,PLUS 6
NISSAN,X TRAIL
NISSAN,ALTIMA
NISSAN,SUNNY
NISSAN,URVAN
NISSAN,ALTIMA
NISSAN,JUKE
NISSAN,SUNNY
NISSAN,PATROL
NISSAN,NAVARA
NISSAN,MAXIMA
NISSAN,QASHQAI
NISSAN,PATROL
NISSAN,SENTRA
NISSAN,VERSA
NISSAN,TERRANO
NISSAN,X TRAIL
NISSAN,MAXIMA
NISSAN,PATROL
NISSAN,PICK UP
NISSAN,MURANO
NISSAN,ARMADA
NISSAN,TIIDA
NISSAN,PATHFINDER
NISSAN,QASHQAI
NISSAN,QASHQAI
NISSAN,PATROL
NISSAN,ARMADA
NISSAN,TIIDA
NISSAN,ALTIMA
NISSAN,MAXIMA
NISSAN,GT-R
NISSAN,ALTIMA
NISSAN,TIIDA
NISSAN,X TRAIL
NISSAN,X TRAIL
NISSAN,GT-R
NISSAN,MICRA
NISSAN,PATROL
NISSAN,300ZX
NISSAN,X TRAIL
NISSAN,X TRAIL
NISSAN,MURANO
NISSAN,350Z
NISSAN,ALTIMA
NISSAN,PATROL
NISSAN,X TERRA
NISSAN,370Z
NISSAN,PATROL
NISSAN,MICRA
NISSAN,SUNNY
NISSAN,SUNNY
NISSAN,SUNNY
NISSAN,MAXIMA
NISSAN,PATHFINDER
NISSAN,JUKE
NISSAN,TIIDA
NISSAN,PATROL
NISSAN,PATROL
NISSAN,KICKS
NISSAN,PATROL
NISSAN,PATROL
NISSAN,SENTRA
NISSAN,PATROL
NISSAN,MAXIMA
NISSAN,CIVILIAN
NISSAN,PATHFINDER
NISSAN,PRIMERA
NISSAN,PATROL
NISSAN,ARMADA
NISSAN,SUNNY
NISSAN,ALTIMA
NISSAN,PATROL
NISSAN,370Z
NISSAN,ALTIMA
NISSAN,MICRA
NISSAN,PATROL
NISSAN,PATROL
NISSAN,KICKS
NISSAN,370Z
NISSAN,PATROL
NISSAN,KICKS
NISSAN,NAVARA
NISSAN,SUNNY
NISSAN,PATHFINDER
NISSAN,ALTIMA
NISSAN,TIIDA
NISSAN,PATHFINDER
NISSAN,X TERRA
NISSAN,QASHQAI
NISSAN,GT-R
NISSAN,MICRA
NISSAN,JUKE
NISSAN,PATROL
NISSAN,PATROL
NISSAN,PATROL
NISSAN,ALTIMA
NISSAN,X TERRA
NISSAN,X TRAIL
NISSAN,NAVARA
NISSAN,SENTRA
NISSAN,X TERRA
NISSAN,KICKS
NISSAN,PATROL
NISSAN,PATROL
NISSAN,SENTRA
NISSAN,CIVILIAN
NISSAN,PATROL
NISSAN,ALTIMA
NISSAN,ROUGE
NISSAN,SUNNY
NISSAN,TIIDA
NISSAN,X TERRA
NISSAN,MURANO
NISSAN,PATHFINDER
NISSAN,PATROL
NISSAN,370Z
NISSAN,PATHFINDER
NISSAN,ALTIMA
NISSAN,PATHFINDER
NISSAN,PATROL
NISSAN,PATROL
NISSAN,NAVARA
NISSAN,PATROL
NISSAN,PATROL
NISSAN,PATROL
NISSAN,ARMADA
NISSAN,Z
NISSAN,PATROL
NISSAN,TIIDA
NISSAN,TIIDA
NISSAN,PATHFINDER
NISSAN,PATROL
NISSAN,PATROL
NISSAN,MICRA
NISSAN,TIIDA
NISSAN,SUNNY
NISSAN,PATROL
NISSAN,NAVARA
NISSAN,370Z
NISSAN,SENTRA
NISSAN,SENTRA
NISSAN,SENTRA
NISSAN,PATROL PICK UP
NISSAN,SUNNY
NISSAN,PATHFINDER
NISSAN,PATROL
NISSAN,SUNNY
NISSAN,PATROL
NISSAN,PATROL
NISSAN,PATROL
NISSAN,PATROL
NISSAN,PATROL
NISSAN,PATROL
NISSAN,SENTRA
NISSAN,PATROL
NISSAN,PATROL
NISSAN,MAXIMA
NISSAN,VERSA
NISSAN,PATROL
NISSAN,X TRAIL
NISSAN,PATROL
NISSAN,PATROL
NISSAN,X TERRA
NISSAN,MICRA
NISSAN,JUKE
NISSAN,TIIDA
NISSAN,MAXIMA
NISSAN,PATHFINDER
NISSAN,PATROL
NISSAN,GT-R
NISSAN,SENTRA
NISSAN,SUNNY
NISSAN,GT-R
NISSAN,TIIDA
NISSAN,MAXIMA
NISSAN,NAVARA
NISSAN,PATROL
NISSAN,ROUGE
NISSAN,PATROL
NISSAN,VERSA
NISSAN,VERSA
NISSAN,VERSA
NISSAN,GT-R
OPEL,ASTRA
OPEL,INSIGNIA
OPEL,ASTRA
OPEL,CORSA
OPEL,CORSA
OPEL,ZAFIRA
OPEL,GRANDLAND
OPEL,ASTRA
OPEL,GRANDLAND X
OPEL,CASCADA
OPEL,INSIGNIA
OPEL,CROSSLAND X
OPEL,GRANDLAND X
OPEL,INSIGNIA
OPEL,MOKKA
OPEL,ASTRA
OPEL,CORSA
OPEL,MERIVA
OPEL,CROSSLAND X
OPEL,ZAFIRA
OPEL,ASTRA
OPEL,GRANDLAND X
OPEL,CASCADA
OPEL,MOKKA
OPEL,ANTARA
OPEL,MOKKA
OPEL,ASTRA
OPEL,INSIGNIA
OPEL,ASTRA
OPEL,CROSSLAND X
OPEL,MOKKA  X
OPEL,MERIVA
OPEL,GRANDLAND
OPEL,ASTRA
OPEL,INSIGNIA
OPEL,ASTRA
OPEL,INSIGNIA
OPEL,MOKKA  X
OPEL,CORSA
OPEL,MOKKA
OPEL,MOKKA
OPEL,ASTRA
OPEL,CORSA
OPEL,ASTRA
OPEL,INSIGNIA
OPEL,ASTRA
OPEL,CORSA
OPEL,INSIGNIA
OPEL,CORSA
OPEL,ZAFIRA LIFE
OPEL,ZAFIRA
OPEL,ZAFIRA
OPEL,INSIGNIA
OPEL,ASTRA
OPEL,ZAFIRA
OPEL,ASTRA
OPEL,CORSA
OPEL,ZAFIRA
OPEL,ADAM
OPEL,INSIGNIA
PAGANI,IMOLA
PAGANI,ZONDA
PAGANI,ZONDA
PAGANI,HUAYRA
PAGANI,HUAYRA
PEUGEOT,RIFTER
PEUGEOT,PARTNER
PEUGEOT,207
PEUGEOT,BOXER
PEUGEOT,BOXER
PEUGEOT,308
PEUGEOT,301
PEUGEOT,308 SW
PEUGEOT,308
PEUGEOT,5008
PEUGEOT,508
PEUGEOT,208
PEUGEOT,RCZ
PEUGEOT,5008
PEUGEOT,2008
PEUGEOT,3008
PEUGEOT,LANDTREK
PEUGEOT,408
PEUGEOT,206
PEUGEOT,407
PEUGEOT,308
PEUGEOT,207
PEUGEOT,207
PEUGEOT,207
PEUGEOT,308 SW
PEUGEOT,308 SW
PEUGEOT,407
PEUGEOT,308
PEUGEOT,308
PEUGEOT,208
PEUGEOT,301
PEUGEOT,EXPERT
PEUGEOT,3008
PEUGEOT,3008
PEUGEOT,2008
PEUGEOT,206
PEUGEOT,307
PEUGEOT,607
PEUGEOT,207
PEUGEOT,RCZ
PEUGEOT,408
PEUGEOT,EXPERT
PEUGEOT,LANDTREK
PEUGEOT,308
PEUGEOT,308 SW
PEUGEOT,207
PEUGEOT,308
PEUGEOT,308
PEUGEOT,207
PEUGEOT,208
PEUGEOT,RCZ
PEUGEOT,208
PEUGEOT,408
PEUGEOT,208
PEUGEOT,5008
PEUGEOT,TRAVELLER
PEUGEOT,2008
PEUGEOT,307
PEUGEOT,307 SW
PEUGEOT,308
PEUGEOT,RCZ
PEUGEOT,3008
PEUGEOT,5008
PEUGEOT,301
PEUGEOT,EXPERT
PEUGEOT,TRAVELLER
PEUGEOT,2008
PEUGEOT,307
PEUGEOT,407
PEUGEOT,407
PEUGEOT,308
PEUGEOT,PARTNER
PEUGEOT,3008
PEUGEOT,508
PEUGEOT,3008
PEUGEOT,TRAVELLER
PEUGEOT,308
PEUGEOT,EXPERT
PEUGEOT,2008
PEUGEOT,206
PEUGEOT,206
PEUGEOT,308
PEUGEOT,308 SW
PEUGEOT,207
PEUGEOT,207
PEUGEOT,308
PEUGEOT,308
PEUGEOT,5008
PEUGEOT,3008
PEUGEOT,408
PEUGEOT,207
PEUGEOT,5008
PEUGEOT,508
PEUGEOT,508
PEUGEOT,BOXER
PEUGEOT,408
PEUGEOT,3008
PEUGEOT,TRAVELLER
PGO,SPEEDSTER
PGO,CEVENNES
POLESTAR,POLESTAR 2
POLESTAR,POLESTAR 2
POLESTAR,POLESTAR 2
POLESTAR,POLESTAR 2
PORSCHE,911
PORSCHE,911
PORSCHE,CAYMAN
PORSCHE,911
PORSCHE,CAYENNE
PORSCHE,PANAMERA
PORSCHE,PANAMERA
PORSCHE,CAYENNE
PORSCHE,PANAMERA
PORSCHE,PANAMERA
PORSCHE,CAYENNE
PORSCHE,PANAMERA
PORSCHE,TAYCAN
PORSCHE,CAYENNE
PORSCHE,911
PORSCHE,PANAMERA
PORSCHE,PANAMERA
PORSCHE,PANAMERA
PORSCHE,911
PORSCHE,MACAN
PORSCHE,MACAN
PORSCHE,CAYENNE
PORSCHE,911
PORSCHE,PANAMERA
PORSCHE,CAYENNE
PORSCHE,PANAMERA
PORSCHE,918
PORSCHE,TAYCAN
PORSCHE,TAYCAN
PORSCHE,TAYCAN
PORSCHE,PANAMERA
PORSCHE,PANAMERA
PORSCHE,TAYCAN
PORSCHE,911
PORSCHE,BOXSTER
PORSCHE,PANAMERA
PORSCHE,911
PORSCHE,BOXSTER
PORSCHE,911
PORSCHE,911
PORSCHE,CARRERA GT
PORSCHE,911
PORSCHE,911
PORSCHE,PANAMERA
PORSCHE,911
PORSCHE,718 CAYMAN
PORSCHE,MACAN
PORSCHE,PANAMERA
PORSCHE,911
PORSCHE,911
PORSCHE,PANAMERA
PORSCHE,911
PORSCHE,718 BOXSTER
PORSCHE,718 BOXSTER
PORSCHE,BOXSTER
PORSCHE,CAYENNE
PORSCHE,911
PORSCHE,CAYMAN
PORSCHE,BOXSTER
PORSCHE,BOXSTER
PORSCHE,CAYENNE
PORSCHE,918
PORSCHE,9FF
PORSCHE,TAYCAN
PORSCHE,718 BOXSTER
PORSCHE,718 CAYMAN
PORSCHE,718 BOXSTER
PORSCHE,CAYENNE
PORSCHE,911
PORSCHE,911
PORSCHE,911
PORSCHE,BOXSTER
PORSCHE,BOXSTER
PORSCHE,PANAMERA
PORSCHE,911
PORSCHE,CAYENNE
PORSCHE,PANAMERA
PORSCHE,TAYCAN
PORSCHE,PANAMERA
PORSCHE,PANAMERA
PORSCHE,TAYCAN
PORSCHE,BOXSTER
PORSCHE,CAYMAN
PORSCHE,718 SPYDER
PORSCHE,911
PORSCHE,MACAN
PORSCHE,911
PORSCHE,CAYENNE
PORSCHE,PANAMERA
PORSCHE,718 BOXSTER
PORSCHE,718 CAYMAN
PORSCHE,911
PORSCHE,PANAMERA
PORSCHE,CAYENNE
PORSCHE,CAYENNE
PORSCHE,718 CAYMAN
PORSCHE,MACAN
PORSCHE,MACAN
PORSCHE,CAYENNE
PORSCHE,CAYMAN
PORSCHE,PANAMERA
PORSCHE,718 BOXSTER
PORSCHE,718 CAYMAN
PORSCHE,PANAMERA
PORSCHE,PANAMERA
PORSCHE,MACAN
PORSCHE,CAYMAN
PORSCHE,CAYENNE
PORSCHE,718 CAYMAN
PROTON,PERSONA
PROTON,GEN-2
PROTON,SAGA
PROTON,PERSONA
PROTON,X50
PROTON,GEN-2
RABDAN,RABDAN ONE
RAM,1500
RAM,1500
RAM,2500
RAM,1500
RAM,1500
RAM,2500
RAM,1500
RAM,1500
RAM,1500
RAM,2500
RAM,1500
RAM,1500
RAM,1500
RAM,1500
RAM,1500
RAM,1500
RAM,1500
RAM,1500
RAM,1500
RAM,1500
RAM,1500
RAM,1500
RAM,1500
RAM,1500
RAM,1500
RAM,1500
RAM,1500
RAM,1500
RAM,1500
RAM,1500
RAM,1500
RAM,1500
RAM,LARAMIE
RAM,1500
RAM,1500
RAM,1500
RAM,1500
RENAULT,CLIO
RENAULT,CLIO
RENAULT,KOLEOS
RENAULT,DUSTER
RENAULT,DUSTER
RENAULT,FLUENCE
RENAULT,CAPTUR
RENAULT,MEGANE
RENAULT,TALISMAN
RENAULT,DUSTER
RENAULT,ESPACE
RENAULT,SCENIC
RENAULT,MEGANE
RENAULT,KOLEOS
RENAULT,FLUENCE
RENAULT,KOLEOS
RENAULT,DUSTER
RENAULT,MEGANE
RENAULT,MEGANE
RENAULT,MEGANE
RENAULT,TALISMAN
RENAULT,TALISMAN
RENAULT,MEGANE
RENAULT,CLIO
RENAULT,CLIO
RENAULT,GRAND SCENIC
RENAULT,CLIO
RENAULT,CLIO
RENAULT,FLUENCE
RENAULT,TALISMAN
RENAULT,MASTER
RENAULT,ZOE
RENAULT,TWIZY
RENAULT,5
RENAULT,CLIO
RENAULT,CLIO
RENAULT,SANDERO
RENAULT,FLUENCE
RENAULT,CAPTUR
RENAULT,MEGANE
RENAULT,TRAFIC
RENAULT,MEGANE
RENAULT,DUSTER
RENAULT,FLUENCE
RENAULT,MASTER
RENAULT,MEGANE
RENAULT,SYMBOL
RENAULT,SYMBOL
RENAULT,CAPTUR
RENAULT,MEGANE
RENAULT,MEGANE
RENAULT,SAFRANE
RENAULT,LAGUNA
RENAULT,MEGANE
RENAULT,SAFRANE
RENAULT,SAFRANE
RENAULT,DOKKER
RENAULT,MEGANE
RENAULT,TALISMAN
RENAULT,TRAFIC
RENAULT,LOGAN
RENAULT,KOLEOS
RENAULT,MEGANE
RENAULT,DOKKER
RENAULT,SYMBOL
RENAULT,MASTER
RENAULT,CLIO
RENAULT,LAGUNA
RENAULT,SAFRANE
RENAULT,ZOE
RENAULT,SYMBOL
RENAULT,ZOE
RIVIAN,R1T
ROLLS ROYCE,GHOST
ROLLS ROYCE,GHOST
ROLLS ROYCE,GHOST
ROLLS ROYCE,WRAITH
ROLLS ROYCE,SILVER SHADOW
ROLLS ROYCE,PHANTOM
ROLLS ROYCE,GHOST
ROLLS ROYCE,CULLINAN
ROLLS ROYCE,CULLINAN
ROLLS ROYCE,CORNICHE
ROLLS ROYCE,PHANTOM
ROLLS ROYCE,BROOKLANDS
ROLLS ROYCE,PHANTOM
ROLLS ROYCE,PHANTOM
ROLLS ROYCE,GHOST
ROLLS ROYCE,SILVER SERAPH
ROLLS ROYCE,SILVER SPUR
ROLLS ROYCE,PHANTOM
ROLLS ROYCE,PHANTOM
ROLLS ROYCE,DAWN
ROLLS ROYCE,GHOST
ROLLS ROYCE,GHOST
ROLLS ROYCE,PHANTOM
SAAB,5-Sep
SAAB,5-Sep
SAAB,3-Sep
SAAB,9-7X
SAAB,3-Sep
SAAB,3-Sep
SAAB,9-7X
SAAB,5-Sep
SAAB,3-Sep
SANDSTORM,S 24
SANDSTORM,ALREEM
SATURN,SKY
SEAT,IBIZA
SEAT,IBIZA
SEAT,ALTEA XL
SEAT,ALTEA
SEAT,CORDOBA
SEAT,LEON
SEAT,LEON
SEAT,ALTEA
SEAT,LEON
SEAT,LEON
SEAT,LEON
SEAT,TOLEDO
SEAT,LEON
SEAT,LEON
SEAT,IBIZA
SEAT,LEON
SEAT,LEON
SEAT,ALHAMBRA
SEAT,TOLEDO
SEAT,ALTEA
SEAT,EXEO
SEAT,IBIZA
SEAT,LEON
SEAT,LEON
SEAT,ALTEA
SEAT,LEON
SEAT,LEON
SEAT,LEON
SEAT,IBIZA
SERES,S5
SKODA,SUPERB
SKODA,FABIA
SKODA,YETI
SKODA,FABIA
SKODA,RAPID
SKODA,YETI
SKODA,OCTAVIA
SKODA,FABIA
SKODA,OCTAVIA
SKODA,KAMIQ
SKODA,SCALA
SKODA,KAROQ
SKODA,KUSHAQ
SKODA,KUSHAQ
SKODA,SUPERB
SKODA,OCTAVIA
SKODA,OCTAVIA
SKODA,FABIA
SKODA,SUPERB
SKODA,KODIAQ
SKODA,ROOMSTER
SKODA,YETI
SKODA,KAMIQ
SKODA,SCALA
SKODA,SCALA
SKODA,OCTAVIA
SKODA,FABIA
SKODA,SUPERB
SKODA,OCTAVIA
SKODA,OCTAVIA
SKODA,FABIA
SKODA,SUPERB
SKODA,OCTAVIA
SKODA,OCTAVIA
SKODA,YETI
SKODA,KODIAQ
SKODA,SUPERB
SKODA,OCTAVIA
SKODA,SUPERB
SKODA,FABIA
SKODA,OCTAVIA
SKODA,SUPERB
SKODA,FABIA
SKODA,FABIA
SKODA,OCTAVIA
SKODA,KODIAQ
SKODA,SCALA
SKODA,KAROQ
SKODA,YETI
SKODA,ROOMSTER
SKODA,FABIA
SKODA,OCTAVIA
SKODA,OCTAVIA
SKODA,YETI
SKODA,KODIAQ
SKODA,KAROQ
SKODA,OCTAVIA
SKODA,SUPERB
SKODA,KAMIQ
SKODA,ROOMSTER
SKYWELL,ET5
SOUEAST,DX3
SOUEAST,DX7
SPYKER,C8
SPYKER,C8
SPYKER,C8
SPYKER,C8
SPYKER,C8
SPYKER,C8
SSANGYONG,REXTON
SSANGYONG,CHAIRMAN
SSANGYONG,TIVOLI
SSANGYONG,REXTON
SSANGYONG,RODIUS
SSANGYONG,REXTON
SSANGYONG,CHAIRMAN
SSANGYONG,TIVOLI
SSANGYONG,ACTYON
SSANGYONG,ACTYON
SSANGYONG,TIVOLI
SSANGYONG,TIVOLI
SSANGYONG,REXTON
SSANGYONG,KORANDO
SSANGYONG,TIVOLI
SSANGYONG,KYRON
SSANGYONG,ACTYON
SSANGYONG,TIVOLI
SSANGYONG,KYRON
SSANGYONG,ACTYON
SSANGYONG,KORANDO
SSANGYONG,TIVOLI
SUBARU,FORESTER
SUBARU,LEGACY
SUBARU,LEGACY
SUBARU,FORESTER
SUBARU,WRX
SUBARU,TRIBECA
SUBARU,LEGACY
SUBARU,IMPREZA
SUBARU,IMPREZA
SUBARU,XV
SUBARU,OUTBACK
SUBARU,LEGACY
SUBARU,FORESTER
SUBARU,FORESTER
SUBARU,BRZ
SUBARU,WRX
SUBARU,CROSSTREK
SUBARU,IMPREZA
SUBARU,LEGACY
SUBARU,WRX
SUBARU,LEGACY
SUBARU,XV
SUBARU,FORESTER
SUBARU,IMPREZA
SUBARU,LEGACY
SUBARU,OUTBACK
SUBARU,WRX
SUBARU,WRX
SUBARU,OUTBACK
SUBARU,OUTBACK
SUBARU,OUTBACK
SUBARU,FORESTER
SUBARU,XV
SUBARU,FORESTER
SUBARU,BRZ
SUBARU,WRX
SUBARU,WRX
SUBARU,IMPREZA
SUBARU,OUTBACK
SUBARU,TRIBECA
SUBARU,LEGACY
SUZUKI,JIMNY
SUZUKI,VITARA
SUZUKI,IGNIS
SUZUKI,JIMNY
SUZUKI,LIANA
SUZUKI,XL7
SUZUKI,XL7
SUZUKI,KIZASHI
SUZUKI,SWIFT
SUZUKI,BALENO
SUZUKI,ERTIGA
SUZUKI,IGNIS
SUZUKI,GRAND VITARA
SUZUKI,ALTO
SUZUKI,APV
SUZUKI,SWIFT DZIRE
SUZUKI,ERTIGA
SUZUKI,SWIFT
SUZUKI,CELERIO
SUZUKI,JIMNY
SUZUKI,CELERIO
SUZUKI,SX4 S-CROSS
SUZUKI,ALTO
SUZUKI,SWIFT
SUZUKI,SWIFT
SUZUKI,APV
SUZUKI,CIAZ
SUZUKI,GRAND VITARA
SUZUKI,KIZASHI
SUZUKI,GRAND VITARA
SUZUKI,JIMNY
SUZUKI,SWIFT
SUZUKI,APV
SUZUKI,SX4
SUZUKI,GRAND VITARA
SUZUKI,JIMNY
SUZUKI,IGNIS
SUZUKI,SWIFT DZIRE
SUZUKI,CIAZ
SUZUKI,BALENO
SUZUKI,BALENO
SUZUKI,SWIFT
SUZUKI,VITARA
SUZUKI,VITARA
SUZUKI,CARRY
TANK,500
TANK,300
TANK,500
TESLA,MODEL X
TESLA,MODEL Y
TESLA,MODEL 3
TESLA,MODEL X
TESLA,MODEL 3
TESLA,MODEL X
TESLA,MODEL 3
TESLA,MODEL Y
TESLA,MODEL S
TESLA,MODEL S
TESLA,MODEL 3
TESLA,MODEL S
TESLA,MODEL S
TESLA,MODEL X
TESLA,MODEL 3
TESLA,MODEL S
TESLA,MODEL S
TESLA,MODEL S
TESLA,MODEL S
TESLA,MODEL 3
TESLA,MODEL S
TESLA,MODEL X
TESLA,MODEL S
TESLA,MODEL S
TESLA,MODEL 3
TESLA,MODEL S
TESLA,MODEL X
TESLA,MODEL X
TESLA,MODEL Y
TESLA,MODEL X
TOYOTA,PREVIA
TOYOTA,RAV4
TOYOTA,SOLARA
TOYOTA,SEQUOIA
TOYOTA,COROLLA
TOYOTA,CAMRY
TOYOTA,PREVIA
TOYOTA,PRADO
TOYOTA,LAND CRUISER
TOYOTA,HILUX
TOYOTA,ZELAS
TOYOTA,SEQUOIA
TOYOTA,GRANVIA
TOYOTA,HIGHLANDER
TOYOTA,INNOVA
TOYOTA,PRADO
TOYOTA,LAND CRUISER
TOYOTA,YARIS
TOYOTA,YARIS
TOYOTA,YARIS
TOYOTA,AVALON
TOYOTA,FORTUNER
TOYOTA,AURION
TOYOTA,HILUX
TOYOTA,LAND CRUISER
TOYOTA,PRIUS
TOYOTA,CAMRY
TOYOTA,COROLLA
TOYOTA,COROLLA
TOYOTA,HIACE
TOYOTA,YARIS
TOYOTA,URBAN CRUISER
TOYOTA,CROWN
TOYOTA,CROWN
TOYOTA,CAMRY
TOYOTA,LAND CRUISER
TOYOTA,ECHO
TOYOTA,LAND CRUISER
TOYOTA,XA
TOYOTA,INNOVA
TOYOTA,FJ CRUISER
TOYOTA,FORTUNER
TOYOTA,PRADO
TOYOTA,YARIS
TOYOTA,SEQUOIA
TOYOTA,CAMRY
TOYOTA,CAMRY
TOYOTA,PRADO
TOYOTA,AURION
TOYOTA,HILUX
TOYOTA,LAND CRUISER PICK UP
TOYOTA,SEQUOIA
TOYOTA,COROLLA
TOYOTA,GRANVIA
TOYOTA,RAIZE
TOYOTA,PRADO
TOYOTA,HILUX
TOYOTA,INNOVA
TOYOTA,PRADO
TOYOTA,AURION
TOYOTA,FORTUNER
TOYOTA,COASTER
TOYOTA,COASTER
TOYOTA,RAV4
TOYOTA,YARIS
TOYOTA,86
TOYOTA,FORTUNER
TOYOTA,C-HR
TOYOTA,HIGHLANDER
TOYOTA,COROLLA
TOYOTA,COROLLA
TOYOTA,CAMRY
TOYOTA,YARIS
TOYOTA,PRADO
TOYOTA,CAMRY
TOYOTA,CELICA
TOYOTA,URBAN CRUISER
TOYOTA,RAV4
TOYOTA,LAND CRUISER
TOYOTA,LAND CRUISER 70
TOYOTA,YARIS
TOYOTA,YARIS
TOYOTA,PREVIA
TOYOTA,INNOVA
TOYOTA,INNOVA
TOYOTA,AURION
TOYOTA,LAND CRUISER
TOYOTA,LAND CRUISER
TOYOTA,LAND CRUISER
TOYOTA,AVALON
TOYOTA,AVALON
TOYOTA,RAV4
TOYOTA,CAMRY
TOYOTA,HILUX
TOYOTA,HIACE
TOYOTA,86
TOYOTA,LAND CRUISER
TOYOTA,LAND CRUISER
TOYOTA,HIACE
TOYOTA,LAND CRUISER
TOYOTA,SEQUOIA
TOYOTA,PRIUS
TOYOTA,RUSH
TOYOTA,SUPRA
TOYOTA,C-HR
TOYOTA,COROLLA
TOYOTA,COROLLA CROSS
TOYOTA,YARIS
TOYOTA,PRADO
TOYOTA,HIACE
TOYOTA,GRANVIA
TOYOTA,4RUNNER
TOYOTA,YARIS
TOYOTA,LAND CRUISER
TOYOTA,86
TOYOTA,PRIUS
TOYOTA,FJ CRUISER
TOYOTA,PRADO
TOYOTA,86
TOYOTA,COROLLA
TOYOTA,PRADO
TOYOTA,AURION
TOYOTA,YARIS
TOYOTA,COROLLA
TOYOTA,COROLLA
TOYOTA,COROLLA
TOYOTA,CAMRY
TOYOTA,CAMRY
TOYOTA,RAIZE
TOYOTA,RAV4
TOYOTA,AVALON
TOYOTA,COROLLA
TOYOTA,PREVIA
TOYOTA,CROWN
TOYOTA,COROLLA
TOYOTA,CAMRY
TOYOTA,PRADO
TOYOTA,CAMRY
TOYOTA,CAMRY
TOYOTA,CAMRY
TOYOTA,CAMRY
TOYOTA,PRADO
TOYOTA,AVALON
TOYOTA,LAND CRUISER
TOYOTA,CAMRY
TOYOTA,PREVIA
TOYOTA,INNOVA
TOYOTA,FJ CRUISER
TOYOTA,PRADO
TOYOTA,AURION
TOYOTA,HILUX
TOYOTA,86
TOYOTA,LAND CRUISER
TOYOTA,ZELAS
TOYOTA,LAND CRUISER PICKUP 70
TOYOTA,RAV4
TOYOTA,RAV4
TOYOTA,AVANZA
TOYOTA,AVANZA
TOYOTA,LAND CRUISER 70
TOYOTA,LAND CRUISER PICKUP 70
TOYOTA,COROLLA
TOYOTA,FJ CRUISER
TOYOTA,SEQUOIA
TOYOTA,RAV4
TOYOTA,FJ CRUISER
TOYOTA,86
TOYOTA,HIACE
TOYOTA,YARIS
TOYOTA,CAMRY
TOYOTA,COASTER
TOYOTA,YARIS
TOYOTA,COROLLA
TOYOTA,CAMRY
TOYOTA,PRADO
TOYOTA,INNOVA
TOYOTA,CAMRY
TOYOTA,CAMRY
TOYOTA,PRADO
TOYOTA,AURION
TOYOTA,FORTUNER
TOYOTA,CAMRY
TOYOTA,AVALON
TOYOTA,RAV4
TOYOTA,RAV4
TOYOTA,COROLLA
TOYOTA,CAMRY
TOYOTA,PRADO
TOYOTA,HIACE
TOYOTA,HIACE
TOYOTA,LAND CRUISER PICK UP
TOYOTA,LAND CRUISER
TOYOTA,LAND CRUISER
TOYOTA,SEQUOIA
TOYOTA,PRADO
TOYOTA,SEQUOIA
TOYOTA,C-HR
TOYOTA,HIGHLANDER
TOYOTA,COROLLA CROSS
TOYOTA,FORTUNER
TOYOTA,LAND CRUISER
TOYOTA,FJ CRUISER
TOYOTA,HILUX
TOYOTA,COROLLA
TOYOTA,FJ CRUISER
TOYOTA,SEQUOIA
TOYOTA,86
TOYOTA,86
TOYOTA,SUPRA
TOYOTA,86
TOYOTA,LAND CRUISER
TOYOTA,COROLLA
TOYOTA,HIGHLANDER
TOYOTA,HIGHLANDER
TOYOTA,CAMRY
TOYOTA,VELOZ
TOYOTA,RAIZE
TOYOTA,FORTUNER
TOYOTA,CORONA
TOYOTA,COROLLA
TOYOTA,AVALON
TOYOTA,RAV4
TOYOTA,LAND CRUISER
TOYOTA,ECHO
TOYOTA,ECHO
TOYOTA,PRADO
TOYOTA,COROLLA
TOYOTA,AVALON
TOYOTA,PRADO
TOYOTA,AURION
TOYOTA,HILUX
TOYOTA,HIACE
TOYOTA,LAND CRUISER
TOYOTA,LAND CRUISER
TOYOTA,YARIS
TOYOTA,COROLLA
TOYOTA,AVALON
TOYOTA,FJ CRUISER
TOYOTA,FJ CRUISER
TOYOTA,LAND CRUISER
TOYOTA,HILUX
TOYOTA,COASTER
TOYOTA,86
TOYOTA,LAND CRUISER
TOYOTA,COASTER
TOYOTA,SEQUOIA
TOYOTA,RUSH
TOYOTA,RAIZE
TOYOTA,HIACE
TOYOTA,ZELAS
TOYOTA,COROLLA
TOYOTA,CAMRY
TOYOTA,FJ CRUISER
TOYOTA,LAND CRUISER PICK UP
TOYOTA,PRADO
TOYOTA,HIACE
TOYOTA,SEQUOIA
TOYOTA,INNOVA
TOYOTA,LAND CRUISER PICKUP 70
TOYOTA,FJ CRUISER
TOYOTA,LAND CRUISER
TOYOTA,COROLLA
TOYOTA,LITEACE
TOYOTA,CAMRY
TOYOTA,YARIS
TOYOTA,CAMRY
TOYOTA,MR2
TOYOTA,COASTER
TOYOTA,AURION
TOYOTA,COROLLA
TOYOTA,RAV4
TOYOTA,PRADO
TOYOTA,LAND CRUISER
TOYOTA,PRADO
TOYOTA,AURION
TOYOTA,TUNDRA
TOYOTA,COROLLA
TOYOTA,RAV4
TOYOTA,FORTUNER
TOYOTA,LAND CRUISER
TOYOTA,FORTUNER
TOYOTA,LAND CRUISER
TOYOTA,CAMRY
TOYOTA,AVALON
TOYOTA,RAV4
TOYOTA,PRADO
TOYOTA,SEQUOIA
TOYOTA,86
TOYOTA,ALPHARD
TOYOTA,LAND CRUISER
TOYOTA,CAMRY
TOYOTA,CAMRY
TOYOTA,CAMRY
TOYOTA,COROLLA
TOYOTA,FORTUNER
TOYOTA,LAND CRUISER 70
TOYOTA,LAND CRUISER 70
TOYOTA,YARIS
TOYOTA,COROLLA
TOYOTA,COROLLA
TOYOTA,LAND CRUISER PICK UP
TOYOTA,AURION
TOYOTA,COASTER
TOYOTA,HILUX
TOYOTA,LAND CRUISER PICK UP
TOYOTA,YARIS
TOYOTA,COROLLA
TOYOTA,CAMRY
TOYOTA,CAMRY
TOYOTA,PRIUS
TOYOTA,PRIUS
TOYOTA,PRIUS
TOYOTA,COROLLA
TOYOTA,CAMRY
TOYOTA,CAMRY
TOYOTA,VELOZ
TOYOTA,LAND CRUISER
TOYOTA,CAMRY
TOYOTA,CROWN
TOYOTA,COROLLA
TOYOTA,COROLLA
TOYOTA,PREVIA
TOYOTA,RAV4
TOYOTA,ECHO
TOYOTA,RAV4
TOYOTA,PRADO
TOYOTA,RAV4
TOYOTA,YARIS
TOYOTA,SEQUOIA
TOYOTA,ECHO
TOYOTA,COROLLA
TOYOTA,AVALON
TOYOTA,RAV4
TOYOTA,PRADO
TOYOTA,FORTUNER
TOYOTA,LAND CRUISER
TOYOTA,HILUX
TOYOTA,LAND CRUISER PICK UP
TOYOTA,COASTER
TOYOTA,SEQUOIA
TOYOTA,LAND CRUISER
TOYOTA,PRADO
TOYOTA,FJ CRUISER
TOYOTA,AVANZA
TOYOTA,COROLLA
TOYOTA,LAND CRUISER PICK UP
TOYOTA,LAND CRUISER PICK UP
TOYOTA,LAND CRUISER
TOYOTA,COASTER
TOYOTA,COASTER
TOYOTA,INNOVA
TOYOTA,INNOVA
TOYOTA,CAMRY
TOYOTA,COROLLA
TOYOTA,COROLLA
TOYOTA,YARIS
TOYOTA,COROLLA CROSS
TOYOTA,COROLLA
TOYOTA,4RUNNER
TOYOTA,RUSH
VICTORY,K2
VICTORY,K1
VICTORY,V1
VICTORY,V2
VOLKSWAGEN,GOLF
VOLKSWAGEN,POLO
VOLKSWAGEN,PASSAT
VOLKSWAGEN,PHAETON
VOLKSWAGEN,TIGUAN
VOLKSWAGEN,EOS
VOLKSWAGEN,TOUAREG
VOLKSWAGEN,TOUAREG
VOLKSWAGEN,TIGUAN
VOLKSWAGEN,TIGUAN
VOLKSWAGEN,TOUAREG
VOLKSWAGEN,TOUAREG
VOLKSWAGEN,T-ROC
VOLKSWAGEN,CADDY
VOLKSWAGEN,TOUAREG
VOLKSWAGEN,GOLF
VOLKSWAGEN,GOLF
VOLKSWAGEN,TOUAREG
VOLKSWAGEN,TIGUAN
VOLKSWAGEN,TOUAREG
VOLKSWAGEN,TOUAREG
VOLKSWAGEN,TIGUAN
VOLKSWAGEN,TIGUAN
VOLKSWAGEN,TIGUAN
VOLKSWAGEN,GOLF
VOLKSWAGEN,JETTA
VOLKSWAGEN,PASSAT
VOLKSWAGEN,BEETLE
VOLKSWAGEN,TOUAREG
VOLKSWAGEN,TIGUAN
VOLKSWAGEN,ARTEON
VOLKSWAGEN,ID.4/CROZZ
VOLKSWAGEN,POLO
VOLKSWAGEN,GOLF
VOLKSWAGEN,JETTA
VOLKSWAGEN,GOLF PLUS
VOLKSWAGEN,TOUAREG
VOLKSWAGEN,CC
VOLKSWAGEN,PASSAT
VOLKSWAGEN,PASSAT
VOLKSWAGEN,SCIROCCO
VOLKSWAGEN,SCIROCCO
VOLKSWAGEN,GOLF
VOLKSWAGEN,TOUAREG
VOLKSWAGEN,GOLF
VOLKSWAGEN,BEETLE
VOLKSWAGEN,MULTIVAN
VOLKSWAGEN,AMAROK
VOLKSWAGEN,ID.4/CROZZ
VOLKSWAGEN,ID.4/CROZZ
VOLKSWAGEN,ID.6/CROZZ
VOLKSWAGEN,GOLF
VOLKSWAGEN,PASSAT
VOLKSWAGEN,TOUAREG
VOLKSWAGEN,TOUAREG
VOLKSWAGEN,TOUAREG
VOLKSWAGEN,SCIROCCO
VOLKSWAGEN,GOLF
VOLKSWAGEN,PASSAT
VOLKSWAGEN,GOLF
VOLKSWAGEN,TIGUAN
VOLKSWAGEN,TIGUAN
VOLKSWAGEN,SCIROCCO
VOLKSWAGEN,TERAMONT
VOLKSWAGEN,T-ROC
VOLKSWAGEN,T-ROC
VOLKSWAGEN,T-ROC
VOLKSWAGEN,GOLF
VOLKSWAGEN,GOLF
VOLKSWAGEN,GOLF
VOLKSWAGEN,JETTA
VOLKSWAGEN,ARTEON
VOLKSWAGEN,POLO
VOLKSWAGEN,PASSAT
VOLKSWAGEN,PASSAT
VOLKSWAGEN,PASSAT
VOLKSWAGEN,PHAETON
VOLKSWAGEN,EOS
VOLKSWAGEN,EOS
VOLKSWAGEN,POLO
VOLKSWAGEN,GOLF
VOLKSWAGEN,TOUAREG
VOLKSWAGEN,TIGUAN
VOLKSWAGEN,TOUAREG
VOLKSWAGEN,BEETLE
VOLKSWAGEN,MULTIVAN
VOLKSWAGEN,GOLF
VOLKSWAGEN,JETTA
VOLKSWAGEN,BEETLE
VOLKSWAGEN,PASSAT
VOLKSWAGEN,CADDY
VOLKSWAGEN,ID.4/CROZZ
VOLKSWAGEN,BEETLE
VOLKSWAGEN,JETTA
VOLKSWAGEN,PASSAT
VOLKSWAGEN,TIGUAN
VOLKSWAGEN,GOLF
VOLKSWAGEN,PASSAT
VOLKSWAGEN,TOUAREG
VOLKSWAGEN,TOUAREG
VOLKSWAGEN,TIGUAN
VOLKSWAGEN,TIGUAN
VOLKSWAGEN,TERAMONT
VOLKSWAGEN,T-ROC
VOLKSWAGEN,T-ROC
VOLKSWAGEN,TOUAREG
VOLKSWAGEN,CADDY
VOLKSWAGEN,TERAMONT
VOLKSWAGEN,TERAMONT
VOLKSWAGEN,PASSAT
VOLKSWAGEN,GOLF
VOLKSWAGEN,GOLF
VOLKSWAGEN,TIGUAN
VOLKSWAGEN,SCIROCCO
VOLKSWAGEN,TIGUAN
VOLKSWAGEN,GOLF
VOLKSWAGEN,TERAMONT
VOLKSWAGEN,TERAMONT
VOLKSWAGEN,T-ROC
VOLKSWAGEN,GOLF
VOLKSWAGEN,TRANSPORTER
VOLKSWAGEN,TERAMONT
VOLKSWAGEN,JETTA
VOLKSWAGEN,JETTA
VOLKSWAGEN,GOLF
VOLKSWAGEN,BEETLE
VOLKSWAGEN,CC
VOLKSWAGEN,SCIROCCO
VOLKSWAGEN,PASSAT CC
VOLKSWAGEN,GOLF
VOLKSWAGEN,GOLF
VOLKSWAGEN,JETTA
VOLKSWAGEN,POLO
VOLKSWAGEN,JETTA
VOLKSWAGEN,GOLF
VOLKSWAGEN,JETTA
VOLKSWAGEN,SCIROCCO
VOLKSWAGEN,CC
VOLKSWAGEN,CC
VOLKSWAGEN,CC
VOLKSWAGEN,POLO
VOLKSWAGEN,GOLF
VOLKSWAGEN,GOLF
VOLKSWAGEN,TIGUAN
VOLKSWAGEN,TIGUAN
VOLKSWAGEN,GOLF
VOLKSWAGEN,T-ROC
VOLKSWAGEN,JETTA
VOLKSWAGEN,PASSAT
VOLKSWAGEN,TIGUAN
VOLKSWAGEN,ARTEON
VOLKSWAGEN,ARTEON
VOLKSWAGEN,GOLF
VOLKSWAGEN,ID.6/CROZZ
VOLKSWAGEN,ID.6/CROZZ
VOLKSWAGEN,ID.6/CROZZ
VOLVO,S40
VOLVO,S40
VOLVO,C70
VOLVO,S80
VOLVO,XC90
VOLVO,XC90
VOLVO,S80
VOLVO,XC70
VOLVO,XC90
VOLVO,C30
VOLVO,V70
VOLVO,C30
VOLVO,XC60
VOLVO,S80
VOLVO,S40
VOLVO,S60
VOLVO,V70
VOLVO,S60
VOLVO,XC90
VOLVO,XC60
VOLVO,XC90
VOLVO,V50
VOLVO,XC90
VOLVO,XC60
VOLVO,V40
VOLVO,XC90
VOLVO,S60
VOLVO,XC60
VOLVO,XC60
VOLVO,S60
VOLVO,V70
VOLVO,S40
VOLVO,XC90
VOLVO,XC90
VOLVO,S40
VOLVO,S60
VOLVO,S60
VOLVO,XC90
VOLVO,S60
VOLVO,S90
VOLVO,XC60
VOLVO,V40
VOLVO,XC90
VOLVO,XC90
VOLVO,S90
VOLVO,XC40
VOLVO,XC60
VOLVO,S40
VOLVO,V70
VOLVO,XC90
VOLVO,S40
VOLVO,S80
VOLVO,S80
VOLVO,XC90
VOLVO,XC90
VOLVO,C30
VOLVO,S80
VOLVO,XC90
VOLVO,S60
VOLVO,V60
VOLVO,XC90
VOLVO,XC90
VOLVO,XC60
VOLVO,XC40
VOLVO,XC60
VOLVO,V40
VOLVO,XC60
VOLVO,XC70
VOLVO,XC60
VOLVO,XC60
VOLVO,XC90
VOLVO,XC60
VOLVO,S40
VOLVO,S60
VOLVO,V70
VOLVO,XC90
VOLVO,C70
VOLVO,XC90
VOLVO,C30
VOLVO,XC60
VOLVO,S60
VOLVO,S80
VOLVO,V70
VOLVO,XC90
VOLVO,XC40
VOLVO,V60
VOLVO,XC60
VOLVO,V60
VOLVO,XC60
VOLVO,S80
VOLVO,XC60
VOLVO,XC90
VOLVO,XC90
VOLVO,XC90
VOLVO,V90 CC
VOLVO,XC40
VOLVO,S80
VOLVO,XC70
VOLVO,XC90
VOLVO,S40
VOLVO,S60
VOLVO,XC60
VOLVO,V70
VOLVO,S60
VOLVO,V40 CC
VOLVO,XC90
VOLVO,S90
VOLVO,XC60
VOLVO,XC60
VOLVO,S90
VOLVO,XC90
VOLVO,XC40 RECHARGE
VOLVO,S70
VOLVO,S80
VOLVO,S80
VOLVO,S80
VOLVO,S40
VOLVO,XC60
VOLVO,S40
VOLVO,V40
VOLVO,XC90
VOLVO,XC60
VOLVO,XC90
VOLVO,XC90
VOLVO,S90
VOLVO,XC60
VOLVO,S90
VOLVO,V90
VOLVO,V90 CC
VOLVO,XC90
VOLVO,C40 RECHARGE
VOLVO,S80
VOLVO,C70
VOLVO,S40
VOLVO,S60
VOLVO,S60
VOLVO,V70
VOLVO,S40
VOLVO,S60
VOLVO,XC90
VOLVO,V60
VOLVO,C70
VOLVO,XC60
VOLVO,XC60
VOLVO,V40 CC
VOLVO,XC90
VOLVO,S90
VOLVO,S90
VOLVO,S80
VOLVO,XC70
VOLVO,XC90
VOLVO,XC60
VOLVO,V40
VOLVO,XC40
VOLVO,S90
VOLVO,XC60
VOLVO,XC60
VOLVO,XC70
VOLVO,XC60
VOLVO,V70
VOLVO,V90
VOLVO,XC90
VOLVO,XC90
VOLVO,S90
VOLVO,V70
VOLVO,S80
VOLVO,XC70
VOLVO,S40
VOLVO,S80
VOLVO,C30
VOLVO,S40
VOLVO,V70
VOLVO,XC90
VOLVO,C70
VOLVO,XC70
VOLVO,XC60
VOLVO,XC60
VOLVO,XC60
VOLVO,XC60
VOLVO,V60
VOLVO,V40
VOLVO,XC90
VOLVO,XC90
VOLVO,S90
VOLVO,V40
VOLVO,XC90
VOLVO,S60
VOLVO,XC60
VOLVO,XC60
VOLVO,XC40
WIESMANN,ROADSTER
ZNA,YUMSUN
ZOTYE,T700
ZOTYE,T700
ZOTYE,T600
ZOTYE,T300
ZOTYE,T300
ZXAUTO,GRANDTIGER
